,atom_id,atom_name,x,y,z,atom_type,subst_id,subst_name,charge
0,1,N1,14.709,10.782,23.252,N.4,1,GTT,0.2328
1,2,CA1,14.62,9.944,24.471,C.3,1,GTT,0.0304
2,3,C1,15.748,8.912,24.456,C.2,1,GTT,0.0846
3,4,O11,16.085,8.401,25.541,O.co2,1,GTT,-0.5643
4,5,O12,16.313,8.642,23.367,O.co2,1,GTT,-0.5643
5,6,CB1,13.269,9.24,24.53,C.3,1,GTT,0.0193
6,7,CG1,12.953,8.661,25.906,C.3,1,GTT,0.0441
7,8,CD1,11.578,8.022,25.987,C.2,1,GTT,0.1785
8,9,OE1,10.797,8.038,25.025,O.2,1,GTT,-0.3969
9,10,N2,11.247,7.534,27.175,N.am,1,GTT,-0.2648
10,11,CA2,9.972,6.87,27.416,C.3,1,GTT,0.1397
11,12,C2,9.367,7.393,28.719,C.2,1,GTT,0.204
12,13,O2,10.085,7.888,29.591,O.2,1,GTT,-0.3944
13,14,CB2,10.203,5.355,27.553,C.3,1,GTT,0.0342
14,15,SG2,11.445,4.702,26.376,S.3,1,GTT,-0.1534
15,16,N3,8.051,7.277,28.838,N.am,1,GTT,-0.2722
16,17,CA3,7.382,7.69,30.058,C.3,1,GTT,0.0833
17,18,C3,6.9,9.118,30.069,C.2,1,GTT,0.057
18,19,O31,6.006,9.422,30.887,O.co2,1,GTT,-0.5669
19,20,O32,7.395,9.927,29.254,O.co2,1,GTT,-0.5669
20,21,C1,5.792,2.737,28.081,C.ar,1,GTT,0.114
21,22,O2,5.105,2.179,29.165,O.3,1,GTT,-0.2994
22,23,C2,7.126,2.31,27.876,C.ar,1,GTT,0.0882
23,24,C3,7.888,2.804,26.805,C.ar,1,GTT,0.0653
24,25,C4,7.323,3.776,25.899,C.ar,1,GTT,0.0358
25,26,C5,5.988,4.198,26.13,C.ar,1,GTT,-0.0509
26,27,C6,5.243,3.689,27.199,C.ar,1,GTT,-0.0256
27,28,C7,8.095,4.372,24.703,C.2,1,GTT,0.1289
28,29,O1,7.585,5.197,23.931,O.2,1,GTT,-0.3837
29,30,C8,9.61,3.985,24.411,C.3,1,GTT,0.0409
30,31,C9,9.877,3.313,23.052,C.3,1,GTT,-0.0371
31,32,C10,11.186,2.516,22.922,C.3,1,GTT,-0.063
32,33,C11,10.673,5.025,24.773,C.3,1,GTT,0.0117
33,34,C12,4.021,1.197,29.035,C.3,1,GTT,0.1241
34,35,C13,3.853,0.273,30.243,C.2,1,GTT,0.0656
35,36,O,4.749,-0.572,30.486,O.co2,1,GTT,-0.5662
36,37,OXT,2.804,0.354,30.925,O.co2,1,GTT,-0.5662
37,38,CL1,7.876,1.145,28.984,Cl,1,GTT,-0.0767
38,39,CL2,9.523,2.135,26.645,Cl,1,GTT,-0.0664
39,40,H1,13.9667,11.4639,23.2582,H,1,GTT,0.201
40,41,H2,14.6216,10.1976,22.4354,H,1,GTT,0.201
41,42,H3,15.5992,11.2545,23.2333,H,1,GTT,0.201
42,43,H4,14.7284,10.5851,25.3582,H,1,GTT,0.1026
43,44,H5,13.2699,8.4196,23.7972,H,1,GTT,0.0363
44,45,H6,12.4849,9.9654,24.2674,H,1,GTT,0.0363
45,46,H7,13.0051,9.4725,26.6467,H,1,GTT,0.0505
46,47,H8,13.7076,7.8972,26.1452,H,1,GTT,0.0505
47,48,H9,11.8946,7.6247,27.9316,H,1,GTT,0.1883
48,49,H10,9.2861,7.069,26.5794,H,1,GTT,0.0808
49,50,H11,9.2481,4.8387,27.375,H,1,GTT,0.0424
50,51,H12,10.5479,5.1456,28.5763,H,1,GTT,0.0424
51,52,H13,7.5156,6.902,28.0812,H,1,GTT,0.1873
52,53,H14,8.0859,7.5612,30.8934,H,1,GTT,0.0689
53,54,H15,6.5111,7.035,30.208,H,1,GTT,0.0689
54,55,H16,5.5377,4.9275,25.4666,H,1,GTT,0.0647
55,56,H17,4.2263,4.0327,27.3514,H,1,GTT,0.0559
56,57,H18,9.7941,3.1773,25.1346,H,1,GTT,0.0526
57,58,H19,9.8899,4.1026,22.2863,H,1,GTT,0.0289
58,59,H20,9.0447,2.6221,22.8523,H,1,GTT,0.0289
59,60,H21,11.2564,2.0891,21.9107,H,1,GTT,0.0231
60,61,H22,11.1963,1.7042,23.6641,H,1,GTT,0.0231
61,62,H23,12.0415,3.1847,23.0981,H,1,GTT,0.0231
62,63,H24,10.199,6.0171,24.8039,H,1,GTT,0.0403
63,64,H25,11.4535,5.0155,23.9979,H,1,GTT,0.0403
64,65,H26,4.226,0.574,28.1519,H,1,GTT,0.0788
65,66,H27,3.0781,1.7438,28.8871,H,1,GTT,0.0788
