,record_name,atom_number,blank_1,atom_name,alt_loc,residue_name,blank_2,chain_id,residue_number,insertion,blank_3,x_coord,y_coord,z_coord,occupancy,b_factor,blank_4,segment_id,element_symbol,charge,line_idx
0,HETATM,6527,,O,,HOH,,,1,,,30.973,0.731,12.888,1.0,14.9,,,O,,6563
1,HETATM,6528,,O,,HOH,,,2,,,16.353,5.845,8.714,1.0,13.46,,,O,,6564
2,HETATM,6529,,O,,HOH,,,3,,,18.802,9.871,22.399,1.0,19.85,,,O,,6565
3,HETATM,6530,,O,,HOH,,,4,,,17.849,-5.218,27.284,1.0,6.65,,,O,,6566
4,HETATM,6531,,O,,HOH,,,5,,,14.913,11.735,17.839,1.0,18.37,,,O,,6567
5,HETATM,6532,,O,,HOH,,,6,,,12.209,-1.351,21.361,1.0,16.28,,,O,,6568
6,HETATM,6533,,O,,HOH,,,7,,,17.915,-0.312,22.66,1.0,10.91,,,O,,6569
7,HETATM,6534,,O,,HOH,,,8,,,18.848,-6.964,29.264,1.0,8.02,,,O,,6570
8,HETATM,6535,,O,,HOH,,,9,,,9.026,0.631,7.674,1.0,27.53,,,O,,6571
9,HETATM,6536,,O,,HOH,,,10,,,16.144,9.617,28.006,1.0,17.74,,,O,,6572
10,HETATM,6537,,O,,HOH,,,11,,,14.653,13.188,31.007,1.0,40.58,,,O,,6573
11,HETATM,6538,,O,,HOH,,,12,,,32.035,-8.919,15.067,1.0,22.71,,,O,,6574
12,HETATM,6539,,O,,HOH,,,13,,,15.346,-5.308,21.418,1.0,21.73,,,O,,6575
13,HETATM,6540,,O,,HOH,,,14,,,20.663,2.073,23.335,1.0,16.32,,,O,,6576
14,HETATM,6541,,O,,HOH,,,15,,,15.679,12.253,27.84,1.0,15.79,,,O,,6577
15,HETATM,6542,,O,,HOH,,,16,,,20.342,-5.842,31.041,1.0,9.59,,,O,,6578
16,HETATM,6543,,O,,HOH,,,17,,,27.712,-9.205,6.008,1.0,27.35,,,O,,6579
17,HETATM,6544,,O,,HOH,,,18,,,32.629,-7.932,12.186,1.0,25.56,,,O,,6580
18,HETATM,6545,,O,,HOH,,,19,,,31.477,11.482,26.421,1.0,12.72,,,O,,6581
19,HETATM,6546,,O,,HOH,,,20,,,14.894,-2.666,21.634,1.0,27.21,,,O,,6582
20,HETATM,6547,,O,,HOH,,,21,,,15.414,-2.368,32.929,1.0,13.49,,,O,,6583
21,HETATM,6548,,O,,HOH,,,22,,,16.927,-1.121,34.741,1.0,14.02,,,O,,6584
22,HETATM,6549,,O,,HOH,,,23,,,13.388,12.376,25.958,1.0,21.71,,,O,,6585
23,HETATM,6550,,O,,HOH,,,24,,,9.944,0.052,23.599,1.0,24.83,,,O,,6586
24,HETATM,6551,,O,,HOH,,,25,,,18.699,2.27,21.411,1.0,23.12,,,O,,6587
25,HETATM,6552,,O,,HOH,,,26,,,10.016,-8.725,32.364,1.0,32.09,,,O,,6588
26,HETATM,6553,,O,,HOH,,,27,,,34.786,2.316,15.527,1.0,15.46,,,O,,6589
27,HETATM,6554,,O,,HOH,,,28,,,18.238,4.711,18.371,1.0,10.49,,,O,,6590
28,HETATM,6555,,O,,HOH,,,29,,,19.166,5.121,21.117,1.0,20.37,,,O,,6591
29,HETATM,6556,,O,,HOH,,,30,,,9.724,-6.136,17.351,1.0,19.18,,,O,,6592
30,HETATM,6557,,O,,HOH,,,31,,,27.394,11.512,24.655,1.0,10.41,,,O,,6593
31,HETATM,6558,,O,,HOH,,,32,,,7.984,3.283,7.682,1.0,26.45,,,O,,6594
32,HETATM,6559,,O,,HOH,,,33,,,7.094,-6.315,23.482,1.0,19.85,,,O,,6595
33,HETATM,6560,,O,,HOH,,,34,,,31.319,-4.234,6.618,1.0,12.52,,,O,,6596
34,HETATM,6561,,O,,HOH,,,35,,,36.545,5.527,18.522,1.0,26.96,,,O,,6597
35,HETATM,6562,,O,,HOH,,,36,,,38.331,0.085,25.566,1.0,35.14,,,O,,6598
36,HETATM,6563,,O,,HOH,,,37,,,11.64,9.003,12.086,1.0,20.9,,,O,,6599
37,HETATM,6564,,O,,HOH,,,38,,,2.606,2.361,8.945,1.0,34.28,,,O,,6600
38,HETATM,6565,,O,,HOH,,,39,,,25.497,10.096,38.279,1.0,20.21,,,O,,6601
39,HETATM,6566,,O,,HOH,,,40,,,22.19,-15.645,21.729,1.0,30.3,,,O,,6602
40,HETATM,6567,,O,,HOH,,,41,,,23.301,-15.02,19.431,1.0,22.63,,,O,,6603
41,HETATM,6568,,O,,HOH,,,42,,,16.088,4.212,6.641,1.0,15.98,,,O,,6604
42,HETATM,6569,,O,,HOH,,,43,,,6.066,4.557,8.838,1.0,31.49,,,O,,6605
43,HETATM,6570,,O,,HOH,,,44,,,16.755,11.772,38.461,1.0,28.77,,,O,,6606
44,HETATM,6571,,O,,HOH,,,45,,,19.23,-5.877,21.427,1.0,19.92,,,O,,6607
45,HETATM,6572,,O,,HOH,,,46,,,13.012,11.174,13.821,1.0,27.85,,,O,,6608
46,HETATM,6573,,O,,HOH,,,47,,,17.715,11.43,14.142,1.0,23.5,,,O,,6609
47,HETATM,6574,,O,,HOH,,,48,,,15.979,-2.128,40.948,1.0,32.75,,,O,,6610
48,HETATM,6575,,O,,HOH,,,49,,,10.032,2.839,2.026,1.0,18.16,,,O,,6611
49,HETATM,6576,,O,,HOH,,,50,,,15.26,5.736,4.655,1.0,17.32,,,O,,6612
50,HETATM,6577,,O,,HOH,,,51,,,25.67,15.22,35.524,1.0,22.99,,,O,,6613
51,HETATM,6578,,O,,HOH,,,52,,,29.041,-10.976,28.411,1.0,25.43,,,O,,6614
52,HETATM,6579,,O,,HOH,,,53,,,15.906,10.265,21.021,1.0,24.64,,,O,,6615
53,HETATM,6580,,O,,HOH,,,54,,,15.744,-5.262,33.802,1.0,17.75,,,O,,6616
54,HETATM,6581,,O,,HOH,,,55,,,33.042,14.62,37.547,1.0,28.52,,,O,,6617
55,HETATM,6582,,O,,HOH,,,56,,,17.795,7.09,39.811,1.0,29.62,,,O,,6618
56,HETATM,6583,,O,,HOH,,,57,,,6.097,14.044,37.427,1.0,26.13,,,O,,6619
57,HETATM,6584,,O,,HOH,,,58,,,24.394,-16.062,14.91,1.0,30.15,,,O,,6620
58,HETATM,6585,,O,,HOH,,,59,,,17.808,-6.896,33.259,1.0,26.03,,,O,,6621
59,HETATM,6586,,O,,HOH,,,60,,,6.283,15.661,35.28,1.0,14.4,,,O,,6622
60,HETATM,6587,,O,,HOH,,,61,,,15.452,-11.366,15.744,1.0,22.8,,,O,,6623
61,HETATM,6588,,O,,HOH,,,62,,,33.336,2.799,6.124,1.0,34.59,,,O,,6624
62,HETATM,6589,,O,,HOH,,,63,,,42.961,5.923,15.611,1.0,44.25,,,O,,6625
63,HETATM,6590,,O,,HOH,,,64,,,38.669,7.631,7.16,1.0,43.64,,,O,,6626
64,HETATM,6591,,O,,HOH,,,65,,,26.43,-14.952,9.896,1.0,42.37,,,O,,6627
65,HETATM,6592,,O,,HOH,,,66,,,36.364,-0.156,18.038,1.0,21.48,,,O,,6628
66,HETATM,6593,,O,,HOH,,,67,,,32.869,-1.853,34.306,1.0,56.13,,,O,,6629
67,HETATM,6594,,O,,HOH,,,68,,,7.469,8.583,13.671,1.0,19.57,,,O,,6630
68,HETATM,6595,,O,,HOH,,,69,,,10.478,14.898,26.755,1.0,32.67,,,O,,6631
69,HETATM,6596,,O,,HOH,,,70,,,16.766,-6.473,35.98,1.0,30.91,,,O,,6632
70,HETATM,6597,,O,,HOH,,,71,,,35.039,-8.55,11.886,1.0,29.28,,,O,,6633
71,HETATM,6598,,O,,HOH,,,72,,,13.238,10.194,21.369,1.0,28.47,,,O,,6634
72,HETATM,6599,,O,,HOH,,,73,,,39.782,19.112,12.379,1.0,46.09,,,O,,6635
73,HETATM,6600,,O,,HOH,,,74,,,26.741,6.67,40.059,1.0,41.7,,,O,,6636
74,HETATM,6601,,O,,HOH,,,75,,,26.978,4.284,38.822,1.0,16.71,,,O,,6637
75,HETATM,6602,,O,,HOH,,,76,,,21.338,9.59,16.313,1.0,8.45,,,O,,6638
76,HETATM,6603,,O,,HOH,,,77,,,30.432,14.771,42.609,1.0,24.82,,,O,,6639
77,HETATM,6604,,O,,HOH,,,78,,,13.603,6.127,8.603,1.0,17.52,,,O,,6640
78,HETATM,6605,,O,,HOH,,,79,,,10.628,6.786,22.377,1.0,23.71,,,O,,6641
79,HETATM,6606,,O,,HOH,,,80,,,8.172,9.434,38.76,1.0,28.33,,,O,,6642
80,HETATM,6607,,O,,HOH,,,81,,,2.474,5.522,13.213,1.0,28.64,,,O,,6643
81,HETATM,6608,,O,,HOH,,,82,,,20.61,14.491,18.12,1.0,16.91,,,O,,6644
82,HETATM,6609,,O,,HOH,,,83,,,13.405,17.495,24.47,1.0,12.24,,,O,,6645
83,HETATM,6610,,O,,HOH,,,84,,,17.735,19.343,15.433,1.0,11.97,,,O,,6646
84,HETATM,6611,,O,,HOH,,,85,,,24.401,13.154,14.703,1.0,13.92,,,O,,6647
85,HETATM,6612,,O,,HOH,,,86,,,27.16,24.909,25.0,1.0,14.34,,,O,,6648
86,HETATM,6613,,O,,HOH,,,87,,,7.733,28.948,13.267,1.0,11.17,,,O,,6649
87,HETATM,6614,,O,,HOH,,,88,,,20.928,22.965,11.275,1.0,21.31,,,O,,6650
88,HETATM,6615,,O,,HOH,,,89,,,12.159,19.143,26.256,1.0,23.66,,,O,,6651
89,HETATM,6616,,O,,HOH,,,90,,,23.409,11.79,21.301,1.0,6.66,,,O,,6652
90,HETATM,6617,,O,,HOH,,,91,,,27.956,22.772,31.541,1.0,22.63,,,O,,6653
91,HETATM,6618,,O,,HOH,,,92,,,12.778,15.022,25.106,1.0,13.75,,,O,,6654
92,HETATM,6619,,O,,HOH,,,93,,,20.31,14.311,11.732,1.0,26.62,,,O,,6655
93,HETATM,6620,,O,,HOH,,,94,,,31.983,23.936,23.016,1.0,17.33,,,O,,6656
94,HETATM,6621,,O,,HOH,,,95,,,18.585,29.178,6.804,1.0,20.81,,,O,,6657
95,HETATM,6622,,O,,HOH,,,96,,,20.51,25.183,-0.352,1.0,22.14,,,O,,6658
96,HETATM,6623,,O,,HOH,,,97,,,19.919,14.298,5.332,1.0,18.85,,,O,,6659
97,HETATM,6624,,O,,HOH,,,98,,,19.238,11.017,2.613,1.0,17.63,,,O,,6660
98,HETATM,6625,,O,,HOH,,,99,,,11.849,24.553,10.715,1.0,9.09,,,O,,6661
99,HETATM,6626,,O,,HOH,,,100,,,6.196,32.655,28.497,1.0,15.83,,,O,,6662
100,HETATM,6627,,O,,HOH,,,101,,,18.828,19.268,12.999,1.0,11.91,,,O,,6663
101,HETATM,6628,,O,,HOH,,,102,,,33.491,14.604,12.388,1.0,10.55,,,O,,6664
102,HETATM,6629,,O,,HOH,,,103,,,10.159,13.742,19.694,1.0,23.27,,,O,,6665
103,HETATM,6630,,O,,HOH,,,104,,,18.934,21.956,13.233,1.0,19.25,,,O,,6666
104,HETATM,6631,,O,,HOH,,,105,,,16.86,11.273,6.856,1.0,18.76,,,O,,6667
105,HETATM,6632,,O,,HOH,,,106,,,14.261,25.859,11.523,1.0,25.9,,,O,,6668
106,HETATM,6633,,O,,HOH,,,107,,,10.357,17.701,27.463,1.0,18.0,,,O,,6669
107,HETATM,6634,,O,,HOH,,,108,,,19.858,31.009,5.15,1.0,17.82,,,O,,6670
108,HETATM,6635,,O,,HOH,,,109,,,5.075,21.528,22.674,1.0,29.74,,,O,,6671
109,HETATM,6636,,O,,HOH,,,110,,,22.95,38.565,28.624,1.0,17.13,,,O,,6672
110,HETATM,6637,,O,,HOH,,,111,,,20.81,33.822,29.923,1.0,9.16,,,O,,6673
111,HETATM,6638,,O,,HOH,,,112,,,17.969,24.066,11.709,1.0,19.97,,,O,,6674
112,HETATM,6639,,O,,HOH,,,113,,,14.82,28.77,10.955,1.0,24.9,,,O,,6675
113,HETATM,6640,,O,,HOH,,,114,,,3.285,23.007,29.827,1.0,31.98,,,O,,6676
114,HETATM,6641,,O,,HOH,,,115,,,15.376,12.165,15.312,1.0,16.74,,,O,,6677
115,HETATM,6642,,O,,HOH,,,116,,,0.953,29.059,9.892,1.0,30.94,,,O,,6678
116,HETATM,6643,,O,,HOH,,,117,,,34.959,20.979,21.513,1.0,16.43,,,O,,6679
117,HETATM,6644,,O,,HOH,,,118,,,12.907,22.329,11.628,1.0,20.41,,,O,,6680
118,HETATM,6645,,O,,HOH,,,119,,,15.392,38.207,30.907,1.0,22.45,,,O,,6681
119,HETATM,6646,,O,,HOH,,,120,,,35.144,20.807,9.026,1.0,36.72,,,O,,6682
120,HETATM,6647,,O,,HOH,,,121,,,20.58,40.689,19.589,1.0,36.41,,,O,,6683
121,HETATM,6648,,O,,HOH,,,122,,,4.633,19.892,28.305,1.0,34.01,,,O,,6684
122,HETATM,6649,,O,,HOH,,,123,,,19.727,11.684,5.447,1.0,41.07,,,O,,6685
123,HETATM,6650,,O,,HOH,,,124,,,32.73,33.125,22.151,1.0,23.93,,,O,,6686
124,HETATM,6651,,O,,HOH,,,125,,,19.917,40.348,12.881,1.0,15.04,,,O,,6687
125,HETATM,6652,,O,,HOH,,,126,,,14.788,26.928,36.0,1.0,16.48,,,O,,6688
126,HETATM,6653,,O,,HOH,,,127,,,7.09,28.58,6.227,1.0,23.29,,,O,,6689
127,HETATM,6654,,O,,HOH,,,128,,,26.585,42.511,12.651,1.0,17.9,,,O,,6690
128,HETATM,6655,,O,,HOH,,,129,,,22.628,37.551,2.18,1.0,31.26,,,O,,6691
129,HETATM,6656,,O,,HOH,,,130,,,27.819,37.172,8.975,1.0,18.95,,,O,,6692
130,HETATM,6657,,O,,HOH,,,131,,,3.745,17.109,20.542,1.0,22.72,,,O,,6693
131,HETATM,6658,,O,,HOH,,,132,,,27.453,33.597,25.743,1.0,19.05,,,O,,6694
132,HETATM,6659,,O,,HOH,,,133,,,28.971,14.013,12.696,1.0,13.83,,,O,,6695
133,HETATM,6660,,O,,HOH,,,134,,,33.702,19.037,32.712,1.0,29.25,,,O,,6696
134,HETATM,6661,,O,,HOH,,,135,,,5.391,30.384,29.638,1.0,26.15,,,O,,6697
135,HETATM,6662,,O,,HOH,,,136,,,10.198,17.052,23.284,1.0,22.8,,,O,,6698
136,HETATM,6663,,O,,HOH,,,137,,,5.842,14.656,11.054,1.0,35.85,,,O,,6699
137,HETATM,6664,,O,,HOH,,,138,,,23.427,12.766,-3.703,1.0,38.81,,,O,,6700
138,HETATM,6665,,O,,HOH,,,139,,,31.404,15.424,-1.198,1.0,30.47,,,O,,6701
139,HETATM,6666,,O,,HOH,,,140,,,1.006,18.955,21.352,1.0,24.31,,,O,,6702
140,HETATM,6667,,O,,HOH,,,141,,,24.676,13.199,-6.931,1.0,33.97,,,O,,6703
141,HETATM,6668,,O,,HOH,,,142,,,24.868,28.429,37.57,1.0,20.58,,,O,,6704
142,HETATM,6669,,O,,HOH,,,143,,,12.349,32.517,-0.549,1.0,21.23,,,O,,6705
143,HETATM,6670,,O,,HOH,,,144,,,13.919,31.165,11.852,1.0,35.39,,,O,,6706
144,HETATM,6671,,O,,HOH,,,145,,,12.718,21.208,33.738,1.0,30.9,,,O,,6707
145,HETATM,6672,,O,,HOH,,,146,,,18.528,29.262,-0.271,1.0,46.93,,,O,,6708
146,HETATM,6673,,O,,HOH,,,147,,,18.946,40.499,27.88,1.0,18.68,,,O,,6709
147,HETATM,6674,,O,,HOH,,,148,,,31.623,24.227,26.175,1.0,18.09,,,O,,6710
148,HETATM,6675,,O,,HOH,,,149,,,19.561,12.13,16.965,1.0,26.13,,,O,,6711
149,HETATM,6676,,O,,HOH,,,150,,,16.115,39.379,27.433,1.0,46.44,,,O,,6712
150,HETATM,6677,,O,,HOH,,,151,,,11.689,38.633,29.469,1.0,34.75,,,O,,6713
151,HETATM,6678,,O,,HOH,,,152,,,8.579,31.941,35.113,1.0,35.47,,,O,,6714
152,HETATM,6679,,O,,HOH,,,153,,,21.974,30.378,3.29,1.0,27.23,,,O,,6715
153,HETATM,6680,,O,,HOH,,,154,,,10.852,34.717,10.974,1.0,33.68,,,O,,6716
154,HETATM,6681,,O,,HOH,,,155,,,3.062,17.347,17.479,1.0,23.5,,,O,,6717
155,HETATM,6682,,O,,HOH,,,156,,,9.585,17.566,30.413,1.0,35.72,,,O,,6718
156,HETATM,6683,,O,,HOH,,,157,,,25.754,37.737,30.301,1.0,35.68,,,O,,6719
157,HETATM,6684,,O,,HOH,,,158,,,-5.496,27.631,15.894,1.0,36.11,,,O,,6720
158,HETATM,6685,,O,,HOH,,,159,,,0.572,34.34,16.654,1.0,44.8,,,O,,6721
159,HETATM,6686,,O,,HOH,,,160,,,-1.204,18.747,18.868,1.0,57.65,,,O,,6722
160,HETATM,6687,,O,,HOH,,,161,,,34.605,16.473,22.169,1.0,30.94,,,O,,6723
161,HETATM,6688,,O,,HOH,,,162,,,10.847,23.216,7.23,1.0,37.65,,,O,,6724
162,HETATM,6689,,O,,HOH,,,163,,,33.41,30.934,18.666,1.0,30.96,,,O,,6725
163,HETATM,6690,,O,,HOH,,,164,,,36.686,11.713,23.216,1.0,32.48,,,O,,6726
164,HETATM,6691,,O,,HOH,,,165,,,5.961,28.613,32.151,1.0,38.09,,,O,,6727
165,HETATM,6692,,O,,HOH,,,166,,,10.294,24.351,-0.916,1.0,24.36,,,O,,6728
166,HETATM,6693,,O,,HOH,,,167,,,21.334,35.981,31.628,1.0,24.6,,,O,,6729
167,HETATM,6694,,O,,HOH,,,168,,,16.272,37.598,11.369,1.0,27.17,,,O,,6730
168,HETATM,6695,,O,,HOH,,,169,,,12.132,15.899,9.468,1.0,32.42,,,O,,6731
169,HETATM,6696,,O,,HOH,,,170,,,24.277,23.261,33.088,1.0,33.1,,,O,,6732
170,HETATM,6697,,O,,HOH,,,171,,,16.896,36.804,17.617,1.0,50.82,,,O,,6733
171,HETATM,6698,,O,,HOH,,,172,,,30.461,37.089,15.543,1.0,38.02,,,O,,6734
172,HETATM,6699,,O,,HOH,,,173,,,29.873,15.258,36.436,1.0,25.98,,,O,,6735
173,HETATM,6700,,O,,HOH,,,174,,,15.831,35.923,13.889,1.0,36.69,,,O,,6736
