Complex,real,predicted
3tt0,9.05,8.68025
3vbq,9.33,8.36492
2wa4,4.74,3.5363526
4cc7,4.33,4.772016
4ln2,3.61,4.2378516
4myq,7.49,8.286872
3ibc,4.91,7.1754465
2c4v,2.6,2.8837261
2qhy,7.48,9.415976
3l5c,5.15,5.6489244
2wi6,6.64,6.5123734
1lee,7.74,7.946539
4pmp,6.4,7.2704115
2j9n,4.7,3.9159613
5aoi,3.03,3.7173777
3f68,5.06,7.012561
2c6g,3.37,5.1809616
4b5s,3.49,4.1851783
1xge,4.68,4.600653
1ecv,4.85,4.6981187
2duv,7.06,6.605657
4qsm,7.41,6.3664865
2igx,7.27,7.483677
4xe0,7.72,7.1656322
4yll,6.92,8.021542
1wkm,0.82,4.164271
3qup,6.32,7.068374
4o6e,9.0,8.089977
4hvs,7.8,7.8882675
2oxy,6.52,6.819518
4jg8,8.6,7.7604413
1nfs,9.92,7.6889896
2hz4,5.47,5.101221
4mex,6.7,6.4279003
4mgb,5.44,7.8859177
1w1t,2.96,3.1150463
3ni5,7.55,7.469178
2ke1,5.3,5.2932754
3g0e,7.7,7.651672
4qz2,5.21,5.8530617
4wmx,4.85,4.5908365
3rv3,2.0,3.340439
2ylp,4.3,4.5428796
1ke0,5.38,5.8558645
3zw3,7.47,7.060234
4u0d,4.31,4.912446
1r10,3.83,4.411468
1ft4,6.57,5.3696194
3twj,7.84,7.5462766
3dbu,8.06,7.719597
2m0u,6.44,7.092616
1b7h,8.02,6.9285097
2hrp,8.3,7.793422
2no3,8.05,6.8729835
3lrh,7.35,7.24502
3we4,7.82,7.0262737
1npz,7.89,7.954321
3bet,5.82,7.967805
4du8,5.37,5.413175
2wk6,3.32,3.5024936
3o0j,7.19,7.36534
3max,6.05,6.694907
3pck,6.7,6.4377017
4asd,9.28,8.52919
4u5v,3.05,3.4030612
4wz5,5.51,5.106824
3fhe,8.6,7.390665
3piz,5.46,7.2714863
3ejp,8.55,7.248332
2b1g,6.64,6.8904066
1c4y,7.92,8.395778
2jqk,3.4,4.7019367
4pra,5.66,4.730318
2evc,6.54,6.531204
5akj,5.86,5.0366135
1swk,12.0,10.9206085
3wns,5.96,5.2637925
4j53,8.7,8.177488
3le8,6.07,4.790345
2gfd,6.28,6.7053823
2yfa,5.07,4.518028
3q7q,5.65,5.531766
2xf0,4.52,4.9117384
2xp4,3.74,3.9520874
3qak,8.32,8.376701
4y8z,10.4,8.52294
4djp,10.55,8.645138
1a5g,10.15,9.2555485
2p1c,7.68,7.8443866
2l6j,6.26,5.8738475
3twr,5.19,5.479718
4m5m,4.74,4.3328476
3m5e,7.37,7.8496933
1c85,4.64,4.648917
1xr8,6.7,6.105399
2xqq,4.82,5.8327894
1e37,3.7,4.2073593
4kyh,5.92,7.5333233
4otg,7.59,8.252403
1s63,9.05,8.877024
3k3b,6.7,7.568074
4mrd,3.37,3.7589042
4mjr,3.55,4.4164524
3s7b,6.3,6.6427016
1jm4,5.0,4.367703
4bhi,7.05,6.5097775
1yon,4.21,6.0354915
3p3j,7.92,8.460062
3r4m,5.92,4.373405
4zsa,7.82,7.978054
2ci9,7.22,6.190475
2pvn,9.46,7.7624874
4wy7,6.78,7.8378806
1u9v,8.22,8.603443
4jn2,11.68,10.087305
3vb5,5.34,4.92616
3bex,5.57,6.3590155
2zdk,6.37,6.796447
4xmb,7.36,7.30348
4u5l,2.4,3.7592432
4z9l,8.8,7.991989
1d2e,6.0,5.839685
1tcx,6.95,7.6423545
1ux7,3.0,3.2713208
4lyw,6.63,6.487511
3ed0,6.35,5.519805
1o3b,7.13,6.724167
1o6r,7.1,7.2741346
2a3a,2.82,4.580645
3zly,3.52,4.137525
1xfv,3.89,4.432634
1lgt,6.1,4.84628
4b35,2.89,3.0943239
4us4,5.32,4.9197483
4o3f,5.56,6.7604876
3wcl,6.59,7.63027
4dfl,6.17,7.5844965
3g0d,8.3,7.9226055
4unr,8.7,7.946802
2onb,5.57,5.2881413
2jdp,6.6,5.2468977
3ok9,11.23,9.436506
1aht,6.21,5.9102
1bmk,7.6,6.7300615
1lyb,11.42,8.290291
3f48,6.29,5.3709235
4yt7,8.77,7.6882534
4x5y,8.03,7.2188873
3uii,5.0,5.2957897
1nlp,4.96,5.9181604
4rxz,6.74,6.650888
2fq6,7.1,5.907147
3fum,3.77,5.9017982
3qti,7.85,7.8758187
4p4f,6.77,8.298613
4rn1,5.0,6.937932
2aac,2.22,4.5091953
1w2x,5.14,5.199397
4jg6,6.44,7.0064535
4lkj,6.7,6.656436
1d09,7.57,5.9641533
1rsi,4.42,4.3909054
4uyh,6.3,6.923154
3sjt,6.06,6.5678988
4kn1,6.84,8.080297
3d7m,6.44,6.937413
3zke,6.8,6.2371883
4nb6,7.22,7.012678
3jzi,5.3,6.654464
4de7,4.8,4.228124
4qhp,8.05,7.045576
4nxo,7.22,6.77355
3zcl,8.0,7.8612394
1t3t,4.96,4.905052
2yhy,5.6,4.775144
1bnu,9.7,7.8248777
3k3j,4.9,6.6228647
2v85,4.46,4.758032
2ojf,6.96,8.078478
3fu3,2.84,3.038914
2xj0,2.82,4.576875
1xh3,5.51,5.3305826
3s9y,6.44,6.2741394
3wsy,6.36,6.045966
4j46,5.28,4.6714272
5buj,8.3,7.6026525
3arg,7.26,7.298877
3g3d,4.74,4.27653
2nnv,7.52,7.17435
3aig,6.0,6.3398447
1gi1,5.47,4.589946
4rrs,6.68,7.0583763
4bqg,6.22,5.273285
3ccc,8.1,7.1021757
3b3c,3.98,5.5843105
2lyb,4.46,4.773822
4aof,7.1,7.2396593
4hvi,7.16,8.160942
4puj,7.46,7.1107264
1y98,5.43,5.5456023
2chw,4.77,7.2306676
4k5m,3.71,4.5037804
4rrf,3.62,4.726154
4z2b,7.76,7.3393245
1p93,7.72,7.4464235
2h2h,4.98,5.0496945
2gtv,5.15,4.7647266
2hai,6.28,5.891726
3vnt,8.66,8.079847
1u6q,5.88,6.8929706
4r4t,6.26,6.230398
1fsw,6.49,5.856341
1nj1,7.6,7.208621
4wkc,12.68,10.86832
3sou,5.68,5.5614414
3qqk,4.82,4.9629927
4hlg,6.51,6.701027
3pma,5.4,3.9097888
3mqf,5.24,4.56894
4pte,7.13,7.8707123
4na4,6.92,7.310961
3uwl,3.68,5.1355352
3d6p,3.75,3.970057
4i67,6.35,4.916691
3nhi,8.43,7.951322
4i32,7.24,7.60859
1jd0,8.24,7.2197323
1g1e,7.54,6.647708
2ydk,8.15,6.8524876
2chx,7.74,7.6254587
1oh4,3.74,3.928804
2fov,7.55,6.712242
3jzs,8.1,6.920999
1o6i,3.19,2.3451872
1kug,3.8,4.73014
3g58,9.28,8.339584
186l,4.85,4.666193
3tay,3.38,4.659199
2oax,8.65,7.453455
2jqi,5.0,5.2971563
2bz5,6.15,7.198867
3e0q,5.89,6.317978
1g7f,5.47,5.079403
3w2t,7.53,8.336353
3lhs,9.0,8.264193
1jil,8.4,7.9276466
4zyr,5.7,6.6929517
4lkk,5.92,5.42857
4d89,8.7,7.75202
3e3b,7.96,7.9183855
3fzr,7.96,7.8615274
4wk2,6.94,6.6812005
4n7e,6.48,7.105359
4je8,5.21,5.815643
1azg,4.8,4.231906
4fht,6.17,5.4755125
3pcu,5.29,6.169359
2z5s,5.66,6.560039
1mpa,8.04,8.083329
2qfo,4.7,5.327853
1qf5,7.37,7.810267
1uu8,5.05,6.7993364
3azb,4.92,5.9611
1m51,4.73,5.4415536
4tk3,5.1,5.569784
5akk,4.0,4.319359
3ao5,2.23,3.5193324
3d83,8.36,7.4630847
2a25,4.62,5.6546535
4joa,7.54,7.7491703
4dbm,7.62,7.4615326
4umq,5.38,6.718052
3r6t,5.86,7.6334953
2xaj,3.77,5.0848517
3tvl,4.0,5.264913
2r0u,9.0,8.088026
4wyo,6.95,7.0486956
4l7l,6.0,5.958419
1h4w,4.66,4.0589194
1e55,4.12,4.2278857
3ovz,8.06,9.114933
2p7g,6.53,7.4010687
1gni,8.07,7.0875072
3snl,9.15,8.188545
2ym4,5.82,8.236146
4x2s,6.55,6.6206264
3r8u,5.3,5.8879075
2w1g,8.52,7.2186694
4m13,6.7,7.056756
3at4,8.1,8.120636
2vu3,7.33,6.499897
4r5t,6.1,6.320816
4fic,4.7,4.1189256
4rj6,7.12,7.415697
1ai5,3.72,3.802826
3tkh,7.33,7.326278
3pa3,9.0,8.007706
1uvu,5.0,5.1794024
4ejn,8.3,7.1973557
2qnn,7.15,8.581715
2w1i,8.92,7.907969
4cmu,9.7,8.863143
2vl1,1.35,1.7726622
4u71,5.22,5.396283
3jzq,6.96,6.404305
3fhr,6.68,7.1035576
4mzo,6.57,7.802332
1siv,8.08,7.653117
3cd7,7.84,8.06851
4dr9,8.0,7.2871447
2jkp,4.23,4.0675626
4u6c,5.0,4.9448195
4lwt,5.41,6.162792
3atk,2.85,3.9035685
2y06,6.1,6.9259853
3tpr,7.7,7.1671395
1lxh,7.19,5.2564206
1l83,3.4,3.836799
3ipb,6.7,7.69866
3uza,8.94,8.214838
4g8r,7.66,5.562108
2zm1,6.66,7.77372
1re8,9.52,7.3528595
4j26,5.44,6.065202
3wqm,6.25,6.9102
3d7d,7.85,8.180666
3h06,3.53,5.7505016
2ybk,4.62,4.723252
3fmr,7.97,7.276905
2wmw,6.41,6.4822536
1ujj,6.1,5.3176603
1nwl,2.39,5.11264
3hqr,5.52,5.900868
1zd3,3.3,4.322259
2j50,7.89,7.6577816
4mic,5.3,4.42854
1xsc,4.3,4.6579432
3g5y,7.46,6.245929
1lkl,5.81,5.1844273
1zfp,7.59,7.0648594
4tyb,1.7,3.2917988
4yyi,4.19,6.736684
4ncn,5.67,6.4368854
4lxd,7.23,8.6728325
3ti5,8.95,9.049551
2y8c,6.4,6.7914143
3usn,6.15,5.408826
3v5g,7.13,7.3951836
3wyj,6.44,7.2784786
3sl1,3.59,4.087822
3zyu,7.0,6.9793873
4y2u,3.24,4.7584305
1f28,7.8,7.841529
2psv,7.24,8.958975
2ow2,8.22,7.5840473
4jp9,7.62,7.3256497
2r3t,5.85,7.6743755
1eve,8.24,7.988682
5cyi,5.88,6.7799587
4btl,5.6,6.580067
1fd0,8.4,7.709295
4v04,8.11,7.6829486
4hp0,6.12,4.603977
4fzc,8.4,8.149868
4mw6,5.78,7.2152805
1akq,9.1,8.589087
1bb0,8.36,8.553289
3fql,7.15,7.8689594
3wyx,8.37,7.816017
4dhq,4.49,4.396798
1a4r,6.66,6.7273703
3f3w,7.47,7.977621
4dwg,7.24,6.978039
2y1w,6.33,7.106368
3r69,4.43,4.168502
2wj2,8.33,8.470039
1ga9,7.08,8.17851
1pxk,5.66,5.659789
4zg9,7.59,7.5192223
3k2f,7.2,8.039009
4awi,6.0,6.86599
5ai5,7.03,5.991018
3oj8,8.36,8.679901
4jai,8.4,8.059681
2vo4,4.94,4.6799903
1o3p,6.66,6.277217
1xmu,9.08,8.391313
4w4x,6.99,7.529165
4omj,5.26,5.5890455
3lfs,5.6,6.8627644
1b42,4.01,3.850102
4gg7,8.2,7.9164233
1y19,6.77,4.494586
5ak6,3.49,4.0864635
1a7t,1.64,2.9770107
3sfc,8.52,7.5661163
4l0i,6.57,6.735011
4anm,7.55,6.911465
4dvi,6.72,7.9920015
1tpz,6.19,5.8909526
3kl8,6.92,5.6341267
4g8v,5.8,4.283681
4b8p,6.85,6.9125195
4i9z,7.74,7.674484
2wuu,7.16,7.266053
3i3d,1.99,3.7084017
3o9f,12.7,9.496385
3wdd,6.11,6.873028
3s1h,4.77,6.483965
4mh7,5.23,6.437177
4c5w,5.48,4.2885857
3vp3,4.95,5.74646
3lnz,9.31,7.7867002
1n1g,2.3,3.3879385
2exc,6.63,6.7195415
1ocn,6.39,5.8311825
4wgi,5.35,5.8022356
2q72,2.68,3.2039642
3a3y,9.15,7.8681855
1t79,6.04,5.739069
4o24,4.3,5.0572386
2l1b,3.96,4.1073604
3gvu,8.0,7.988661
1pl0,8.22,7.4651523
4dzw,7.89,7.6408157
3fuk,3.02,5.786608
2wi4,5.81,6.84791
4f1l,5.12,4.5946727
4yux,3.74,4.2631536
4y6p,7.16,6.4707994
4gly,5.11,5.6723404
1lf2,7.52,8.066996
3mj2,7.82,7.9600277
3voz,6.85,6.290399
5al2,6.44,6.720869
2xk4,4.77,5.330808
4qw5,6.35,5.9526687
1c5n,4.7,4.8988104
3dkf,8.57,7.197382
1kqb,4.0,4.523596
1eat,7.82,7.1911054
1nfy,8.89,8.041914
1a0t,1.3,1.8580232
3o0u,7.92,8.040035
3sw9,5.38,5.884624
4j8s,5.7,5.9008317
3lnk,5.94,7.9514585
3gjq,5.33,6.882062
3gcp,7.82,7.263728
4qht,4.94,6.859042
2byp,9.06,8.208961
3g9l,6.13,7.2906227
3jq7,5.92,7.026064
4ovh,4.85,4.3160872
1ll4,7.22,5.946439
1p6e,2.92,3.3949823
4qn9,4.41,4.319324
1cbx,6.35,7.388195
3chg,3.99,4.0701036
2jdt,6.77,7.405885
2aof,4.55,6.8904305
1d04,4.59,7.500394
1li3,4.25,4.1769657
2gqn,5.35,5.100255
1i8j,4.41,4.253753
3ad7,2.52,3.6884007
3uj9,4.63,4.768853
3s9i,5.7,5.367879
2j47,5.41,5.6584144
4qgh,9.0,8.201277
1usk,6.4,6.699421
3k5f,5.43,7.1237903
2y6c,5.0,6.937953
1q6n,7.64,7.8617334
2c0o,5.91,7.8354144
2x7u,5.27,8.238222
4k3r,3.59,4.6154184
2ez5,5.52,4.775288
3hc8,8.54,7.9060497
3kdb,9.85,9.116837
3u0t,9.52,7.8048134
3szb,4.92,3.9693224
2x8e,7.85,6.786001
4amz,9.82,8.801239
3lj7,8.34,7.44376
2o1c,4.72,5.2789106
2i3h,7.4,6.8212605
1y6b,7.42,8.339659
8cpa,9.15,7.9232206
4ylk,6.74,8.424102
3gxz,7.89,6.6784787
4xv9,6.72,7.5022306
4ish,8.72,7.50329
2a8h,7.17,7.669921
1ctt,4.52,4.444005
3pdh,6.74,6.690183
2fqw,6.68,6.802621
3chq,7.7,7.077779
2vj9,6.74,7.779611
1rst,4.43,5.190422
5bsk,6.22,6.896159
2r1y,4.51,5.535944
2hah,8.0,7.4510174
4djw,6.28,7.022744
1urg,5.82,5.5338373
1wtg,7.03,7.213886
4zsp,5.74,6.2840986
3fzs,5.82,6.9956117
3cbp,5.6,5.466899
3qlb,8.43,7.1739535
2nno,6.4,6.669106
3nzx,5.17,7.240205
1dub,5.8,6.683384
1i48,5.7,4.6868315
3dab,6.68,7.4439783
1bil,9.3,8.221267
3r5j,6.96,7.173958
3cp9,7.32,7.9750476
3l4z,6.72,6.8322964
3u7n,7.95,8.539792
1uz1,6.89,5.892543
4ptg,8.23,8.181441
1sqq,7.82,6.9719048
1wug,5.8,4.5626144
4m5h,4.54,4.741817
3qx8,2.86,4.763307
4iur,5.58,5.2447505
4ca6,6.74,6.876206
1y3w,5.77,6.151041
1rrw,4.55,4.397156
1okx,6.8,7.485039
5bvo,8.3,8.306739
3mt7,4.03,4.05124
4n9d,7.72,7.291271
1oq5,7.68,7.958501
2i80,5.4,5.080618
4dlj,5.92,6.5246267
1lvu,5.32,5.883897
1c86,4.7,4.596413
3sgt,3.82,5.7732153
2g8r,3.99,4.287571
1bju,4.8,5.200115
4p4i,7.46,7.317027
3dp3,5.82,5.640495
2i0a,11.4,9.138508
2pl0,7.21,8.560795
3zim,8.17,8.462753
1if7,10.52,8.10376
1zh7,6.3,6.125331
4llj,3.42,4.9343705
1b5h,6.01,6.3236895
4i47,6.92,4.631539
4bid,8.1,7.5318127
4lm1,3.23,4.869505
2j4k,4.85,5.0035744
2ph9,5.89,5.002535
4d8n,5.74,6.303364
2gtk,6.6,7.185527
4b4q,5.75,5.980175
2cej,8.62,8.671881
3fpd,6.15,6.813732
2ay2,1.88,2.935876
4a4h,2.77,3.4812686
1hwr,8.33,7.871931
4pnw,5.05,4.6008687
1bap,6.85,6.5925946
1d4j,8.36,8.586782
2hxl,7.92,7.6588173
2m3o,5.3,4.4926343
3os3,6.63,7.7305574
2w10,6.77,6.3921657
2z4b,9.36,8.975187
2r5a,2.6,3.3313036
2jds,8.2,7.9348187
4b3u,5.33,4.845611
3fdn,7.48,7.1209974
2znu,8.11,8.183705
1ym2,8.0,7.7531137
1o4a,6.92,7.868292
3ekx,9.41,8.415833
3qpn,7.77,7.883132
3okv,6.23,7.9414577
4g9c,8.64,8.433964
4djh,9.49,8.170464
1f0r,7.66,7.808761
2jew,6.69,7.2953486
3suv,4.55,4.958743
4z7f,7.53,7.5387907
5am5,5.74,6.548569
4at5,7.42,7.767956
3ewh,7.16,7.894193
4x8g,6.0,6.3710003
4inu,9.26,7.8159237
2a58,4.92,4.7919803
4eym,4.01,5.066718
1ag9,9.0,7.8137856
1mm7,7.7,7.226365
2xuz,7.4,7.8805346
3qcj,6.3,7.302874
3nzu,8.85,7.035777
9icd,3.9,4.3949323
4hhz,7.72,8.766304
1e2k,4.94,5.0551677
2wi5,6.05,5.9121165
4d2r,5.48,7.560643
3qkm,7.42,8.39776
2i0v,6.8,7.5624514
3suu,8.52,7.4642076
1oky,8.19,7.376046
4ie0,5.08,5.0400605
4x9r,7.82,7.7428446
1uu3,6.12,7.140229
1d4t,6.19,6.425153
3mo2,6.61,6.509333
2r4f,8.82,8.174907
3fnm,4.71,4.6690636
1mn9,4.62,4.215955
3wiy,6.21,7.135261
4tyt,7.7,5.2690434
2wzs,3.85,4.2358565
3l4y,7.0,6.9292936
5c29,6.06,5.9980574
5er2,6.57,7.5466843
4anu,7.68,7.2322326
3bym,8.22,8.077632
4lm5,6.82,7.9923167
3udy,5.7,6.002433
3wc7,8.26,7.4484596
4bcc,8.05,9.688903
4heg,8.92,9.377834
3oqk,6.38,7.057779
4djo,11.52,8.56249
4hup,4.82,4.919801
4li5,6.26,7.2618866
1him,7.7,6.627328
4hyh,9.0,8.442881
4huo,4.7,4.685829
2wl4,4.19,4.76582
4mk5,6.35,7.172595
3kah,6.59,5.715267
5d10,7.14,6.751666
1c88,5.29,4.988559
4i2w,3.92,5.368923
3o5n,4.76,5.414601
2vwl,7.02,8.080301
3arb,6.63,6.860263
1c7f,9.52,9.020025
4z46,2.82,3.2820697
1ind,10.05,7.6358247
3dct,6.95,7.265087
4asy,4.22,6.92488
1lev,5.6,6.3689337
1k9q,3.15,4.0872602
1nde,7.82,9.154618
3iqu,4.77,6.157205
3hq5,7.8,8.20541
3q96,8.54,7.9606414
3ip8,2.28,4.7716217
1b2m,3.73,4.9447803
4r3w,3.0,4.665544
3qcs,6.5,7.064863
4iku,5.75,6.240223
4og8,7.25,6.9299316
3h2a,3.96,4.9645963
3m3z,5.73,6.3191977
2ay5,2.59,3.2699964
1bcj,3.7,4.2250957
2zmj,7.52,8.105375
3hy9,7.77,7.3212748
2be2,8.7,7.8069696
1efi,1.92,3.2559242
3fal,6.78,7.531996
5dq8,4.14,4.205962
2z4w,6.01,7.286092
3zxh,8.52,7.764249
1n7t,6.82,5.892782
1w22,6.76,7.579569
4ys7,9.0,7.8801785
2k62,4.7,5.2420273
3fh7,7.6,7.04092
3t01,4.48,5.058695
4acd,8.31,8.455959
2p53,7.46,7.374835
4c16,4.96,4.475805
3rin,8.89,7.7016726
4xsy,5.3,5.562837
1k1p,7.92,6.750271
3ewz,4.1,4.4099135
3i5r,4.4,5.607094
4lw1,3.15,3.9929528
2cbr,6.85,7.1606226
1ctr,6.0,6.1776443
5cs3,2.15,2.9555216
4ovz,6.31,6.232317
4lrh,9.72,8.212521
4aph,5.4,6.992244
3lzu,10.06,9.635368
1b39,6.92,6.725014
4jt9,8.14,6.829793
4i7k,3.04,3.834964
3gt9,3.96,7.0052357
4ny3,4.31,4.9122176
2rg5,8.51,7.0650983
4mwu,8.49,7.722619
3upf,6.7,6.192662
2yek,7.21,7.3818455
4kz3,2.77,3.446101
1ilq,4.89,4.893171
1w96,8.41,7.3803215
4nak,5.85,5.5521216
3b24,4.38,5.4477997
1akv,11.59,8.355518
2lk1,4.09,3.7768378
2gz7,6.52,6.6379833
1mnc,10.34,7.267785
3zo2,7.1,6.4532437
4ipj,4.87,5.3409963
3l3q,7.27,7.4256907
3mxd,8.83,9.882246
2qlm,5.64,5.197917
2pwg,4.82,4.635186
5dk4,8.7,7.3451414
1uy9,4.82,5.4407682
4dk5,8.4,7.5871305
1uvr,6.0,6.7393913
2ha2,4.66,4.7659416
1cgl,6.87,6.964059
4qrh,5.15,5.705088
3ghe,5.89,6.968124
4l7j,3.7,5.732429
1jt1,3.4,4.335971
1fm9,9.0,7.3371773
1yds,5.92,5.6616845
4pd6,4.44,4.0587487
3a2c,6.9,6.726275
3vbt,4.43,4.344251
2qry,8.64,7.4794703
1ykp,2.96,4.2824373
4d8a,3.42,4.383636
2fgu,9.18,8.117911
4qgd,7.43,6.4951143
4l10,7.15,6.764015
4mwr,9.39,7.8327665
4mw9,7.02,7.076291
3u8h,6.49,7.068074
1p05,5.96,6.019942
3pd2,5.47,5.169353
3lce,3.81,4.605721
3myq,7.52,8.131388
4r76,7.85,7.8764668
1i7z,6.4,7.757798
3qs6,4.89,5.9156604
3lxl,8.3,8.050675
3tcy,4.62,4.367032
2wez,7.64,7.604292
1o86,9.57,7.850569
3sd5,6.58,7.8184514
3ii5,7.62,8.189003
2xm8,6.8,6.9186926
2rnx,3.4,4.702923
3u93,6.31,7.409709
2odd,3.96,4.470679
3iu8,6.24,6.227932
4u0i,8.22,7.7393513
1d3v,6.96,4.8811293
4jyt,7.4,7.319888
3uh4,7.96,7.1623535
4m7c,6.12,6.5476875
1ukh,6.38,6.578326
3ux0,6.26,5.871087
3ud7,4.74,5.1290603
1czr,9.0,7.9747076
4rwj,8.7,8.259573
4pzx,6.0,6.987246
4f6x,5.09,6.188458
3dej,8.0,7.581559
4c1c,4.97,5.2038527
1bq4,5.22,5.1001816
4cfv,4.63,6.147872
4l7c,5.13,6.388064
3wzn,7.0,9.698657
3px8,3.64,4.0706506
1v2l,4.29,4.0888486
3ck7,4.05,4.035626
2bys,9.52,7.6901464
5auy,5.8,5.295233
3rwc,8.12,7.6301517
4jv7,6.0,6.5768347
1ryf,8.8,7.4884963
3kac,3.13,4.212576
4b00,8.61,7.4262094
2e9o,7.7,7.8007116
4i5c,8.82,8.320641
1n8u,6.03,4.9860926
1iwq,8.06,7.2230663
2vv9,7.77,6.762372
3p9j,7.51,7.4275174
4dma,6.19,5.666194
4pkr,4.82,5.0792284
4wh7,2.3,3.1628022
3ask,6.43,6.75309
1h3a,6.55,7.6178627
4ci3,6.81,6.790971
1add,6.74,8.314443
4h1e,8.52,7.5212774
4wku,5.68,5.539709
3rqe,4.77,4.521184
4u0n,5.77,6.7853603
3ctt,6.35,5.7036266
2oc7,5.85,7.565896
4cps,8.27,8.406055
4umn,7.2,7.2289805
3l9l,6.78,7.3866563
2gbg,7.25,7.0382156
4yih,4.66,5.7827415
2q3z,7.22,6.898435
3lbk,6.04,7.1808004
2c6e,9.1,8.907946
3ipu,7.32,6.956792
3tti,8.22,8.25569
2r03,5.15,5.1562862
4m14,6.7,6.523945
3t8v,6.59,6.8567953
1hk1,5.64,6.4815054
1o3l,6.54,6.5694485
4od9,7.24,7.222826
3iny,3.66,5.396286
3t9t,8.71,7.8299246
2o4n,7.82,8.811224
3np9,4.4,4.4764185
2rip,7.19,8.599678
1q66,5.77,7.147442
3ds1,5.7,5.111932
5cy3,7.8,7.2662306
4r4i,6.27,6.257683
3nf8,3.0,3.6334636
3vzd,6.3,6.8793774
1pi5,7.77,8.298215
3d28,5.85,7.0995293
1tjp,4.42,5.3722315
3v2o,5.31,4.933551
4y46,7.96,7.482376
2rok,4.35,4.4163065
3zmm,9.14,8.138295
2loz,4.06,5.028796
3s3v,6.23,6.3419113
1pzo,3.32,4.4872355
3cfv,6.05,6.0558734
4wnp,8.1,7.7770777
3zbx,8.22,7.795428
2pe2,8.4,7.588621
3f7g,7.37,6.574773
3c1k,9.44,7.4381824
4fyh,4.85,4.994505
4gk3,7.25,7.789306
2ya7,3.14,4.8341007
4dro,5.41,5.2235603
4qlk,3.24,4.113324
4muv,5.76,6.6383953
1f74,3.05,4.9772124
2w05,9.0,7.510759
3wp0,4.99,6.7362432
1c1u,8.25,6.5510244
3nw5,5.08,7.040392
5a00,7.52,8.117651
3k5g,8.6,7.732617
3ncz,7.82,7.427162
4raq,6.72,6.601117
1vjd,3.54,3.9012766
4kii,6.23,6.9219413
3qbc,4.97,5.3636017
2fwz,7.3,7.1294665
3jqf,4.46,4.3056936
3qd0,8.5,7.735774
3btc,5.75,5.701849
3r42,4.08,5.0953574
3rv7,4.85,4.751089
3ue4,8.96,7.6452336
3bxf,5.54,5.9786305
1k1n,6.82,7.29617
4mse,6.16,7.662528
3c94,6.87,6.284791
3twv,4.76,5.3685927
1tnj,1.96,3.491144
2vd1,6.86,6.543709
4fqo,5.16,4.9212756
1hqg,3.0,2.9976954
5ccl,4.77,5.8252635
3twu,5.62,4.937384
5cep,6.84,7.6705275
4qps,6.52,7.77576
2xk8,5.62,4.9977407
3fuh,2.7,3.1027737
4dgm,5.92,6.9565496
2o9k,4.11,5.334006
4n7g,5.66,6.0183835
4eg4,7.89,7.59555
4aw8,7.66,6.2128253
1f3j,5.22,6.3060617
1czc,2.82,3.351861
2qwb,2.74,4.043225
3n1w,3.3,3.4521966
1nqc,7.3,7.625026
3zi0,7.4,7.375506
4ypf,2.7,3.4816148
4e3g,4.97,3.0650828
4m8x,10.2,9.471974
2h3e,5.7,5.9270487
4n1u,8.3,7.429028
2ohr,4.0,4.831359
4q7p,4.32,4.859719
3ggj,6.0,6.262121
2v0n,6.3,6.169422
4obz,5.72,6.6771154
4ehm,5.85,5.9608855
4j81,4.5,4.2554283
3fw3,7.37,7.595747
3wci,6.57,7.5056224
4axa,8.0,7.6958685
4hz5,5.92,6.0991707
3d9l,4.17,4.5549855
2e93,6.96,7.2014713
3mhc,7.96,7.942437
2vto,6.85,6.7217183
4b7j,7.95,8.304663
1rt9,10.25,8.946655
5ak3,5.07,4.505125
2exm,4.11,5.0049562
1akw,8.59,8.745188
1wum,5.29,4.3987637
4giu,5.33,5.898429
2op9,5.66,4.9956193
4pl5,4.96,4.8025465
4dx9,5.3,5.5000043
1odj,4.1,4.877396
4h38,6.04,6.0076356
1v7a,8.01,7.913494
2bw7,5.7,4.833971
1xhy,6.18,5.0375047
3spk,8.52,8.163988
4h81,5.12,5.149539
3fv7,5.64,6.4296494
3neg,5.94,5.5729966
5c7e,5.0,4.910318
3k5c,7.77,7.666688
4zb8,6.03,6.6173563
3gbq,5.46,4.283081
1bp0,5.4,5.683915
1vwl,5.63,5.282876
4aa4,8.05,7.439294
4ia0,7.11,8.139632
3kme,6.14,7.108496
4nal,5.66,5.6570644
1ggd,5.8,5.9391356
3lbj,4.96,7.1873064
2j4q,4.46,5.4510484
2oz2,5.71,7.7950063
1rti,4.77,7.1757355
3rul,6.85,5.0801263
3zls,4.4,4.2917233
3u18,6.09,5.3328533
2vtm,3.0,4.1506557
2kbr,4.6,5.6283407
4bde,4.8,4.6599207
4ehe,8.49,7.90207
1is0,7.0,7.125969
1j4p,4.99,5.64731
2nww,5.48,6.3636656
3ktr,6.15,5.177085
1y3n,5.55,5.5458407
4ayy,8.17,7.8475695
2wpb,2.89,3.871927
1std,10.33,10.313865
2p2a,6.12,6.8958244
4i80,7.62,7.645295
4mpe,6.37,6.664368
5ea4,8.11,8.099861
2r2w,4.47,5.0033245
4na7,9.7,8.587578
2yak,8.7,7.092678
4ngn,7.55,8.289104
3hng,6.74,7.132244
4x34,6.12,5.467001
4h58,6.72,7.8081493
2xyf,8.44,8.093788
3t5i,6.82,5.994132
5cau,8.8,7.5434
2fo4,7.22,6.2836475
5aep,7.17,7.7912717
4ohm,7.55,7.459278
4uxj,5.42,6.4681644
3snb,4.38,4.9224377
2zjf,7.72,7.357677
3krr,9.32,8.65679
3vtr,5.57,6.827743
3btj,5.62,5.7577095
3hpt,8.19,8.5398035
2c6i,4.96,5.9294205
2e5y,5.85,4.700627
3buw,5.83,6.565563
4a1w,7.3,7.649613
4fs3,7.85,7.0107927
4l0t,7.18,6.9236755
2xix,2.3,3.7623587
4gb9,6.27,8.549593
1fax,7.39,7.520796
4ljh,4.71,5.0505958
3s0e,6.55,6.237802
1f2o,1.91,3.2848396
5dls,8.36,7.6683598
2zgm,1.79,3.4220815
3qlm,6.37,5.446456
4r5v,6.15,5.9473066
3rl8,5.98,4.706071
3ans,6.25,7.0638003
2wap,6.64,7.973589
1o6q,7.64,7.421998
3bh8,7.95,7.1233664
4wop,4.76,5.6634507
4cwr,8.3,5.6531625
1n46,10.52,9.9572315
4p7s,7.42,6.551406
3gcv,7.13,7.460324
1b11,7.39,7.2177725
4mcc,6.25,5.023649
3ioe,3.27,3.9685352
4u0m,5.77,6.7963142
3jzc,8.53,9.164644
2e7l,7.54,6.416159
4bbg,8.32,7.319062
4xcu,8.22,8.057935
4fns,6.7,7.4549904
2hfp,8.52,7.33537
4pvt,6.52,6.039241
4h2m,5.21,6.844221
2ce9,6.03,6.12167
5a83,6.8,6.1477013
3r21,6.74,7.218959
3mp1,6.1,5.541111
4mdt,5.0,6.044711
2wor,3.9,3.8733783
3s3i,7.8,7.7226973
3fz1,7.92,7.2647467
4jal,4.6,4.6767173
1iem,7.7,7.3400598
2aq7,3.3,4.318513
1q4l,7.4,7.8874655
2f9b,6.52,6.8179603
1ujk,6.57,5.610834
2rib,2.82,3.0225098
2zzu,7.41,7.8272667
2uxz,8.48,8.573693
1o2p,4.85,6.354698
1uom,7.72,7.9102755
1ndw,5.23,7.0829177
1vgc,5.92,5.703192
1qku,9.59,8.06576
2z4r,7.62,6.658742
2e9n,8.21,8.394466
2xoi,3.34,5.2130027
2w1d,6.04,6.0745907
4enx,6.26,7.6576867
1o9d,5.6,5.9444923
4r91,6.37,7.3160677
2wij,3.2,4.0815954
4buq,8.14,7.620462
3tzm,7.77,7.78594
4pg9,7.8,7.482509
4wke,8.1,7.579623
3g32,3.71,3.6264668
2g0h,7.64,7.561162
2kaw,4.97,6.0282383
1o3g,7.96,7.031126
3zlv,3.52,4.485928
4x3h,4.23,4.529622
3sut,7.85,7.103135
1cin,8.73,8.261781
1qxw,5.15,4.7075114
2obj,7.3,7.724512
5edr,7.46,7.207797
1c4v,10.8,8.713301
4oak,4.22,4.38374
4m8t,6.43,6.9789114
4e1k,6.3,6.4079485
1a4g,8.4,7.2898183
2v6n,5.86,4.5040693
4o0z,7.24,7.9655094
4x7j,7.39,7.8139954
3ttn,7.84,7.1771584
3l0n,2.77,4.37103
3ehw,4.82,4.9569616
4mwy,7.05,7.059948
1oiq,5.54,6.081135
3dba,8.0,7.3315535
1yly,7.82,7.4143925
4o13,7.82,7.990942
4bcs,6.99,10.210024
2bz6,7.09,7.108421
4dru,8.62,7.868765
1str,4.77,4.705224
1vyj,7.0,6.915291
5afm,4.15,4.17717
1e72,3.22,3.778345
4rlw,4.87,5.4833837
1i7i,6.7,6.687279
4app,7.19,7.4384303
4ctj,2.51,2.365665
3ixk,8.18,7.7578425
1jsv,5.7,5.6655865
2o4k,10.46,8.117015
1gar,10.0,7.562639
1a4w,5.92,6.8771915
2gfa,4.98,4.7450953
4wyz,4.3,4.257894
4kwp,7.49,7.402062
1sld,6.57,5.584731
4q8y,2.64,5.2473145
3g34,2.96,4.6637335
3kqc,8.66,9.048994
1mmr,5.4,7.186427
1nox,7.05,7.368784
3gfe,8.49,7.709401
4x6s,5.24,5.5685472
1wb0,5.35,6.7480803
3pj8,7.4,6.8509827
3wt5,9.54,8.890688
3c49,7.15,7.2986445
1dx6,6.19,6.4582624
2b9a,8.05,6.737005
5ct1,1.52,3.5480356
3gss,5.82,5.678819
4ufi,6.2,4.5902925
2zq1,6.62,6.792895
2ea4,7.34,7.3075514
1aj7,3.87,6.5489044
4ezt,5.13,6.4305468
1a5v,3.1,3.6828828
3d4f,7.72,8.39514
3di6,7.0,7.449598
4y2x,6.29,7.3594785
4j5p,7.92,8.349425
4um9,8.07,7.3137927
3t6j,6.36,6.610463
4wt6,7.92,8.574165
1pun,7.28,6.6548204
3eta,7.85,7.749937
3v78,5.54,7.1010313
4q1f,8.04,8.058578
3are,6.21,7.1645203
3nef,5.94,5.6143317
4bnx,7.7,7.154566
4ybm,6.85,6.497019
3cj5,6.34,5.9387136
4njd,4.84,6.047984
4os6,6.44,5.710144
3rj7,7.6,7.5035286
1jik,9.7,8.521687
4kby,6.73,5.8872967
3avh,3.3,3.6380062
4mt9,10.0,8.467602
1f1j,8.8,7.880168
4cwo,5.21,6.509312
3bb1,3.6,4.824903
4f3i,7.44,6.88284
2jf4,8.15,7.1465235
4old,2.7,3.6351213
2vx1,6.66,6.997019
2qyl,6.19,7.43958
3zmt,4.55,4.7911096
2b1p,8.52,7.744149
4glx,7.8,7.5351677
4qyh,8.89,8.222848
4ye3,8.37,9.009224
2pll,8.3,7.047577
1fvt,7.22,7.036891
4der,6.31,6.9398413
1ent,6.96,7.1018896
4u90,6.54,5.590372
4oct,5.05,4.601822
4b77,5.1,6.853049
3qkv,7.44,7.9965315
3kaf,6.08,5.3833027
4hmq,8.24,6.842119
3hlo,6.21,6.53518
3al3,5.68,5.522991
1sm3,4.62,6.585181
2va5,4.07,4.4430566
1csi,8.8,7.3921514
4utv,5.09,5.6126037
3fc2,9.06,8.0290785
4u0w,3.0,4.529639
3n23,8.52,8.129038
1py5,7.29,7.4391093
4k5z,3.0,3.97126
5c91,3.61,3.7953467
1i00,6.34,7.1671686
3gy3,5.63,6.259406
4rvk,7.87,7.9171233
2q9y,4.44,5.343098
5dda,5.78,7.297245
4ea3,9.57,8.122391
2w6p,6.48,6.735427
3tjh,5.41,5.146244
4unq,6.62,5.35433
3zqt,4.41,4.6390696
4z2k,5.78,5.563577
3ao1,2.26,2.5768628
2fs8,7.6,7.660473
3ms2,3.72,3.988055
1stp,13.4,10.922443
3fkt,5.55,6.1229773
1fsg,5.02,4.261691
3iph,7.6,7.86302
4ngs,8.12,8.851021
1fig,6.22,6.7177467
2cmb,7.19,6.762018
4q4i,7.33,6.479785
4k76,5.35,4.366466
1riw,7.55,7.569251
4qfn,4.12,4.498021
1dkd,5.7,5.032233
3ejq,8.57,7.3877687
2uy4,4.68,4.199056
3ind,5.82,5.333043
1jmq,4.4,3.9689777
1m7y,10.96,7.83035
3ctq,7.4,8.508742
4bcd,7.48,9.304869
1uk0,8.1,8.101138
3f9n,5.89,5.2135143
2wti,7.04,7.1750374
2zlg,5.59,5.547761
4unn,6.38,6.069156
3k27,4.44,4.4516582
4m3m,9.05,7.1028266
1ibg,8.55,8.140319
1npv,8.24,8.7930355
4xjs,7.12,6.46908
4zh2,5.0,4.364122
2vpo,5.42,5.379403
2oji,7.07,7.397746
3sw2,8.33,7.878113
3fu5,4.12,5.4087906
2ca8,4.66,4.9348135
1qj6,7.74,7.6506596
4w4v,6.94,7.8428726
1jaq,4.48,5.8100834
3hv3,6.33,7.0536866
2yz3,6.66,5.9793496
4k2y,3.33,4.3382034
1kmv,6.95,7.140225
2ogy,4.48,5.0277777
2qu6,8.52,8.423529
1o42,8.05,7.639311
4wf4,3.11,4.293229
1yvz,5.36,6.713857
4mwe,5.91,7.424369
3h9f,7.92,7.269617
2ioa,5.49,6.820363
1jwt,7.85,7.080411
1n3i,8.89,7.372607
4ezo,6.52,7.200693
4ode,10.0,9.01807
3r9o,4.0,6.5363426
3ppq,4.55,5.3086166
1ax2,3.99,3.74891
3anr,6.46,6.433009
1o2u,5.85,5.7190056
4ipn,3.39,4.3626466
4ir6,6.08,5.4319954
4bnv,7.52,6.821803
4zj6,8.52,7.447279
4b13,5.7,6.8255854
4oc5,7.07,7.730015
3hhk,8.22,8.176245
2i4v,11.2,9.400244
3mbp,6.8,5.7750387
1b6j,7.92,8.449648
4joh,3.35,4.1792655
4akn,6.1,6.516403
2bdl,7.82,9.479867
3ocg,8.52,7.5353346
1noi,3.15,3.5126138
1uyg,4.27,4.8750815
4csd,5.91,6.0747323
3rak,6.89,6.399772
4b1d,7.49,6.9834175
4qp7,5.23,4.870401
4lgh,8.7,6.7895393
1ru1,4.74,5.5970016
4otf,8.22,7.8708124
1t4s,2.44,2.990405
3vg1,7.26,7.4029317
4tz8,3.3,4.314654
3otq,7.39,8.181778
3f6e,2.38,4.3020535
3zo4,6.83,6.517898
4u6e,3.3,4.5464497
2xup,12.39,11.46641
2jko,8.11,7.552703
4l3o,6.0,6.77086
4ehz,8.0,8.165432
4q2k,7.48,7.8546634
3lox,8.1,7.6346836
3dp0,5.85,6.3664503
2vj1,5.3,3.963126
1xs7,7.6,7.1884856
5ew3,8.92,7.811569
2rk8,3.64,4.119504
2w73,6.52,6.9528675
3qw8,5.1,4.7838335
4wwn,6.07,7.133891
3r4p,7.96,8.1979265
4pv7,6.63,7.562186
2i4j,6.16,6.6666284
3p7i,7.7,6.970141
3wqv,5.21,4.461377
3ckr,5.3,7.7264876
5akl,7.07,6.2280674
1h79,4.89,4.974265
4c3k,4.97,4.524686
4twc,7.4,7.5406394
1elc,6.66,6.944701
2vev,6.52,6.750882
3qlc,5.43,4.576427
1xk9,6.85,5.622011
3pb8,5.24,4.7731576
3krj,8.96,7.6185856
5dgu,11.35,9.466143
1br8,4.74,5.497964
1cx9,6.75,5.731847
3rxj,3.06,3.5651798
3wig,8.64,7.9460487
2xyn,8.4,8.08876
2xpb,5.7,4.9697804
4k3q,3.94,5.094159
3cst,7.41,7.7778354
4w9n,4.26,5.9200864
3p2h,5.44,4.868457
4g0l,5.19,4.5180225
1w5y,8.48,8.685396
3fdm,8.7,8.825201
2j83,4.21,5.4112964
4o45,4.15,4.7141194
2bal,6.31,7.1387134
2h2j,5.38,4.7852154
2bba,7.15,6.850733
4ow0,6.82,6.1443067
3kqp,3.42,4.7702127
4bb4,6.72,7.2818294
4ryc,7.1,8.418648
4eft,4.07,7.007294
4y5h,7.82,6.943203
1a7c,4.0,6.0410404
3rxa,2.85,4.1330714
1owi,7.55,6.87142
4bae,8.52,7.3030114
4wx4,9.22,8.09544
1xud,8.1,8.366377
2cbz,3.93,3.8166468
2qo1,5.57,3.9418926
4os4,4.87,5.5460653
2ohs,4.4,5.071337
3ion,8.1,7.397352
4qw7,6.28,6.096902
4u5n,2.48,4.4662204
2qtt,4.32,5.289607
1bn1,9.34,7.4397907
4crj,5.96,5.8278766
1pk0,7.57,6.409809
4cfw,6.29,6.5816917
4qo4,8.3,7.363206
3iux,7.6,7.789174
2j9a,5.89,6.780471
2vo7,6.77,6.429002
4ock,5.08,5.9032345
4qiz,8.15,7.8559093
2piz,6.77,7.2979083
1jmf,5.77,6.12455
5dtj,4.47,5.0056224
2vhq,3.85,4.4656773
4wzv,9.37,8.931566
4axm,7.89,7.6249037
2m0v,5.97,5.499896
3muf,6.49,6.052079
4bf1,8.62,7.631258
2vwm,7.03,8.33576
3wde,6.91,6.5394406
1n4h,6.55,6.2309523
1jpl,5.0,5.4950294
2ydo,7.51,7.4615617
1pb8,5.15,4.466343
5al5,7.15,7.2756214
3drs,9.3,8.286961
1g36,7.17,6.6186304
3qd3,8.0,7.6789284
4dmy,9.0,8.310177
4tjw,6.02,6.924349
2xg5,4.66,5.0505877
2kff,3.61,4.3584785
2za3,3.68,5.198777
2ym6,6.06,6.268301
4rqz,5.4,5.1445913
4yad,5.6,6.1661315
1duv,11.8,9.435793
4tww,4.2,5.1872263
3hx3,8.0,7.5684795
1ppm,5.8,5.5868497
4oc6,7.07,7.5719147
1f92,6.19,6.9526978
1fh8,6.89,6.673381
3r7r,8.74,7.7129335
3dri,4.42,4.794581
1pbk,9.05,7.898037
3k8o,11.07,8.586201
1k6t,7.62,8.149807
1c7e,6.3,8.239126
3t4v,6.3,6.498582
1zrz,5.24,6.5947733
2vie,7.48,7.86368
2xxy,7.89,7.4466944
3oag,9.51,8.621078
4m5n,5.12,4.185954
3lc5,6.57,7.3417664
3mrt,3.7,3.89226
2j2i,6.7,8.298304
1cj1,8.8,7.7401934
4ngm,10.35,8.807081
1upk,6.4,5.1665525
3hy7,6.97,7.6021028
4dkp,5.72,5.6844387
4w50,5.85,6.126619
5ap0,8.26,8.136432
1fpp,8.0,7.1842422
4lv4,5.0,4.6413383
3m55,6.21,5.2688227
1wbn,6.46,6.4591694
1b9s,3.18,4.475574
2np9,5.57,7.737956
4i06,7.17,7.3290057
3igb,4.42,5.0491743
3fzt,6.2,6.747181
2hvx,7.54,7.255481
3h9k,7.85,6.8745327
3qkk,6.52,8.42591
4qw4,6.95,6.053343
4bxk,7.95,7.421194
3zlw,3.7,4.634283
4igq,4.52,4.76446
1l6s,4.41,4.233896
4mrh,1.9,2.7640388
3opr,6.59,5.713675
3eio,6.65,8.500551
4lk6,5.2,6.9764843
3nyn,6.0,7.0296035
4n9c,3.9,4.5167975
3su6,6.02,7.7042356
2q2a,7.41,6.798939
3oli,7.38,7.116737
3qpo,6.61,7.6672244
1s50,7.2,7.2740345
3e0p,7.92,7.1103225
3lpg,6.16,6.016259
3wk7,3.9,4.807741
3mo8,3.1,4.9196844
3zcw,6.19,6.7655344
3zpq,7.17,7.0354414
1rtl,5.59,6.8792753
2wjg,7.1,5.7250876
1b3f,6.89,6.614809
2a0c,7.3,6.532855
1jdj,2.3,4.1893225
4e5d,6.22,6.826132
4f20,3.29,4.5227895
1bnt,9.8,8.103011
4no1,7.57,7.7091517
1haa,8.7,7.1602087
3hzv,6.52,7.093954
1tfq,7.92,7.34214
3l8s,7.0,7.003475
4xsx,5.0,5.058665
5brn,6.3,6.8098383
4axd,4.43,5.614479
1lrh,6.82,5.628064
1lkk,6.85,7.170042
4y16,7.43,6.9621964
4jss,3.3,4.066916
3nf7,3.47,4.3787494
3sx9,8.89,7.6746497
3uo5,7.41,6.881383
1uyc,4.39,5.1605415
4yjn,7.92,8.56801
3l7a,4.33,4.7829714
5cfb,7.28,6.729518
2y2j,4.8,5.1250234
3e2m,9.4,8.3906765
2rkg,8.09,8.62629
1kl5,5.99,5.187258
3nrm,8.4,7.7062473
4hai,8.1,7.821204
4c6v,4.59,4.5700912
4zei,5.88,5.1582637
4lpg,4.25,4.732127
3r93,6.51,6.808834
2hb3,11.35,9.223932
3uo6,7.82,7.57213
3zlk,5.88,5.8267
1c5t,4.1,3.8552618
4ddy,5.62,5.0100803
1jj9,5.77,6.9505844
3fdt,4.52,5.0088696
4jik,7.74,8.104988
3fty,3.21,3.364177
3cl2,7.59,7.487925
3f9w,4.72,4.9839373
1utc,4.55,5.024128
3wb4,4.44,4.1584353
4fcb,8.54,8.099859
2ccs,5.7,6.543412
1jn2,4.09,4.909912
2x7c,5.7,6.9994736
4mhs,5.29,4.6078367
4ayu,4.73,4.6200128
3sc1,4.38,5.7456465
3s45,8.49,8.262825
4f4p,9.22,7.857985
4hra,10.1,8.550019
3ldw,7.97,6.987677
2xn3,5.92,6.305987
3iqj,4.93,5.2880373
4kn4,7.24,7.677276
4urv,2.77,2.9857154
4ql1,7.03,7.2867703
3g2t,7.0,6.7163324
3jwq,7.6,7.1269484
1ha2,5.54,6.1145697
3fue,2.82,3.2772763
4oym,4.96,5.051293
1htg,8.42,8.514183
4mib,9.7,8.670599
1lhf,8.09,7.3593097
3w2p,5.09,7.486078
3p8e,5.15,5.2741795
4af3,7.51,7.819199
1dzm,5.41,6.1048474
1jij,8.52,8.223757
4d2p,5.68,6.4735208
3ati,3.73,3.3850834
2wxj,9.0,8.393259
3ebo,4.72,4.756075
4klb,4.16,4.433965
4bcg,8.15,7.7295885
2oj9,6.41,7.307934
1fmb,10.0,7.947825
1you,9.06,7.643409
3iit,8.02,7.9065175
2iws,6.36,5.7340665
2pj3,8.18,7.6631927
1pzj,3.49,4.259803
2df6,5.98,5.271913
1ghw,4.2,5.346504
1nm6,10.05,7.721885
1oz0,7.7,7.8321924
1x8d,2.21,3.56224
2xm2,4.62,5.0448947
4bcq,6.83,7.3958273
2w68,4.74,6.0108423
4ycw,5.68,6.6974816
1n4m,6.72,6.189746
1h8l,7.47,6.5469174
4rwl,8.1,7.171427
2iw8,6.99,7.427989
3d4q,10.52,7.8412304
5akg,4.46,4.166018
1x7b,8.39,8.891902
2exg,4.3,4.6905913
2h96,6.64,7.08572
2xck,6.15,7.9766994
1oba,2.44,2.5562644
2q8y,3.99,5.098464
1q1m,5.16,5.9405065
2c3j,6.18,6.3245707
2k3w,5.24,4.619594
4r4c,5.54,6.1640306
4tkh,5.74,5.7571692
2xne,6.72,7.3099356
3met,6.0,6.6758227
3fee,6.64,6.0046883
4e3i,8.89,7.3802285
3tiw,7.67,6.4453106
3m56,4.15,5.2234077
4c38,7.76,7.1952357
2vnf,5.52,4.851594
2vnm,8.52,7.9411635
4civ,4.95,4.684775
4wwo,7.42,7.349898
2xn7,10.0,8.528016
2c3k,7.59,7.505518
2zas,7.86,6.494444
3cde,7.66,7.8633127
3fv8,6.8,6.4879494
3gsg,2.7,3.7181945
4ew3,6.74,6.53782
2jq9,4.48,5.0416
3v4x,6.15,6.085916
3d7h,10.22,8.552792
3l6f,6.99,7.2501755
4riv,7.0,7.009766
4hzm,4.63,5.0212545
4xyn,5.89,5.2251616
1vyz,6.54,6.5014124
5c8k,7.7,7.627826
4kp5,6.08,7.4081855
3vw1,4.67,5.6068974
3ixj,9.49,7.9957542
4c1d,5.36,5.068432
1gsf,5.0,5.3649054
4x3u,5.09,5.260307
1bzs,8.0,6.704564
3mtb,4.63,4.232679
3rhk,6.26,7.431466
3g5d,7.96,7.5858774
3f88,8.64,7.912401
3hdn,7.2,7.3762417
3v4t,4.11,5.2531643
1hdt,7.76,6.4304714
1y6a,7.66,7.507364
4n1b,5.96,6.494776
1x7q,6.73,6.478465
1rxp,7.14,6.8908234
3kiv,4.7,4.8584433
1jgl,8.7,7.7973723
2pv1,7.14,5.389653
3hfv,4.87,4.8518553
3f16,8.23,7.8476744
4mpn,6.62,6.536355
3o8h,6.24,6.067498
2h42,8.62,8.192832
4xx4,7.36,6.930982
3kqe,8.09,8.839619
3vb4,4.31,4.7332273
2vvs,7.34,6.3121686
3old,5.9,7.364189
3wdc,7.92,7.165577
4e1m,7.26,5.3643622
4mvx,7.24,6.9693904
2ggd,3.8,3.6890743
3c9e,8.0,8.715886
4apo,4.91,4.700593
4gcj,7.7,7.1661353
2p8n,3.15,2.843461
3dv1,6.23,7.40026
2r2m,7.33,7.8085155
3owd,7.52,6.8873005
4e1z,8.52,9.549082
3f7z,7.19,7.809771
4ith,6.5,6.05021
4gkc,6.82,7.605302
2b52,8.1,7.1469474
2wf2,7.59,7.1464467
4jpa,8.48,8.418103
3mz3,7.83,6.7095747
3vje,8.01,7.2038193
3qa2,6.68,7.1875052
4x6y,7.72,7.9666367
4x6n,8.82,8.512878
4o28,7.54,7.8291006
3rjm,6.61,6.6833506
1h6h,5.3,4.6196795
4jr3,6.66,8.138282
4b0c,2.07,3.5346293
4c73,4.92,4.207346
4whl,6.4,7.1828256
4ge9,8.8,8.340953
2ad5,3.96,5.324565
1zgv,6.0,6.7058563
3tkw,5.27,9.401923
3uqp,7.31,7.7340393
1pg2,4.96,5.50598
1rry,4.1,4.0501375
4mqp,4.98,6.1848974
3tu1,6.6,7.439319
2qrk,4.26,4.296399
2bes,4.24,3.929486
1nzv,6.4,6.8095703
2w0d,8.7,7.787722
1kv1,5.94,6.1436954
4yc0,4.13,4.458839
2y2i,4.59,4.422956
3rxp,2.08,3.29338
3t0x,8.0,7.2042236
1qpf,7.57,7.9561067
3dpd,5.78,6.414961
3cqu,6.82,7.7219195
2pvv,3.36,5.0873313
5ak5,7.07,6.2500005
2ww0,5.3,4.4739203
3v49,8.02,8.779948
2f1b,3.0,4.515657
3roc,8.19,7.8607407
2jdo,6.64,7.7035685
3uib,6.8,7.5029755
3pd4,4.48,4.458013
5a14,7.3,7.117004
4xu0,9.11,8.916632
1we2,4.36,3.8791704
4m0r,5.21,6.612138
1gt4,6.52,6.400328
1a1b,6.4,5.6421833
1o4p,2.6,2.5074549
3fqk,7.09,7.531721
2zyn,5.92,7.0348887
4d8s,6.49,7.026717
4rkx,5.1,4.7744727
4xh6,5.57,6.253222
1y4z,7.24,6.24679
3ow3,6.13,6.979682
2vvv,8.22,8.196249
3tsd,3.66,4.8280983
4kb7,7.49,7.412719
4qjx,7.28,7.5372715
4q1n,9.7,8.074006
2fx8,6.52,7.9888515
4k1b,11.52,8.732799
3o3j,6.4,6.977275
3sn7,9.15,8.785127
1f9g,1.28,2.525033
5c4o,8.21,7.4788723
4h4m,8.52,7.920249
3inf,7.4,6.6964664
3bu6,5.89,7.056635
3ara,6.49,5.8153305
4pnn,4.52,4.8881865
1jws,4.85,5.710572
6tim,3.21,3.3226614
2fah,1.3,3.066896
1p2a,7.92,7.1921434
4eol,6.05,5.8798027
5c6p,3.7,4.3207445
4s3f,6.24,6.0129776
3v5l,8.15,8.0938635
4b6r,5.85,7.1487064
4v05,9.7,8.29463
4qy8,7.19,7.1022377
2fys,4.36,4.6233478
3d1e,5.77,6.066077
4iie,2.34,4.197674
1qwf,6.35,6.099204
4aa2,3.97,5.5107927
3rt8,6.35,7.475704
3tdh,4.26,4.3031588
1zxc,8.1,7.729696
4obo,7.11,7.225565
3o9l,9.66,9.241955
1e4h,8.41,6.775241
4r93,7.8,7.4159603
1ch8,7.0,7.19265
2i3v,6.55,5.3429165
4kc1,2.91,3.7879846
2f10,3.48,4.606451
3kdc,9.28,9.26965
2g0g,6.29,6.694168
2gg3,6.24,6.2183275
2gg8,4.6,6.733982
4xqb,3.79,4.780654
1m5c,6.3,5.6488457
3t5u,7.59,6.321829
3q6k,8.37,6.4785547
4o4y,7.81,7.0558395
2wxh,8.05,8.486328
1jld,6.73,8.509397
4dpy,5.37,6.0966935
1hn2,6.0,6.2654405
1dtt,8.3,7.53305
4htx,8.33,7.785514
5a81,5.54,5.9442983
1t32,7.42,6.9702244
3fv3,9.52,8.170989
4rme,5.92,5.5342703
2c8x,6.66,7.6716347
1hp0,6.7,7.0231104
3t2w,7.46,8.941485
4bbe,8.44,8.048389
3fxv,7.03,7.2234383
2wxk,9.3,9.103729
3a73,3.38,5.391351
4ty1,9.26,8.243212
2kfh,2.62,4.024959
3u2k,7.52,7.280162
4qzw,5.15,5.8942757
1zvx,9.22,6.851509
4gg5,9.03,7.7676296
3q2g,8.46,8.335695
3nes,5.62,7.331094
3d14,7.66,8.134459
1jbd,6.92,6.84797
1g42,3.01,4.7755575
2jjk,8.05,6.7626367
4nrb,4.42,4.076236
2p3d,6.74,8.00611
1hkk,7.4,6.8039823
2p95,9.37,8.837775
2ym5,6.37,7.564657
4ouj,2.86,2.9154863
4ayt,3.7,5.0980253
2wib,4.93,4.663119
3oz1,8.7,8.768903
2bz8,5.6,5.0277376
3lpb,7.38,8.119715
3w2s,8.16,8.067906
4fbx,7.66,7.070616
2v5x,6.66,8.042183
3sym,4.57,5.2093954
4mwx,7.12,7.1469984
2y4k,5.46,5.015074
4ajw,5.86,6.8804016
5efc,4.85,5.0443172
3gy7,4.52,3.8372245
4i1c,8.1,7.2578697
4k67,3.43,3.4267955
1y3y,5.64,5.9684315
2cji,8.22,7.8830843
3px9,3.42,4.257494
4wrs,9.4,8.557594
1lhu,8.83,9.066013
3r6u,4.52,4.983802
2reg,5.64,4.9178653
4jze,8.15,8.986262
3mkn,4.12,4.8990235
4mlx,3.19,4.758943
1oit,8.52,7.150402
4ie4,5.48,5.6763563
1yvx,5.1,6.1651597
2oym,5.0,4.979547
4c2v,9.0,8.582114
1eoj,13.77,10.54389
4g34,7.93,8.123657
4esg,5.56,6.157052
4kn7,7.62,7.547535
4dhp,4.44,4.946353
1j01,6.47,6.487606
2wo8,6.28,6.8020077
3zt4,2.8,3.9483752
2h02,6.49,6.3591146
3r2b,8.4,7.955735
4zpe,6.35,6.9595985
4ppa,9.1,7.7411323
3itu,4.4,5.338434
4bgk,6.28,6.3813787
3tfn,6.57,5.463909
1ibc,10.25,7.972
1iep,7.0,7.764367
3zrk,6.89,7.537862
2aov,7.04,7.4815154
3l5e,7.57,7.3960543
2uyq,5.68,4.087988
4u69,4.26,4.318364
3zmq,6.44,7.318061
1xuo,7.16,6.5063276
4o36,6.36,6.5490913
2rkn,7.22,7.096552
3mrv,3.74,4.2689986
4bt4,3.34,3.1729803
3c72,4.64,5.225561
3m6f,8.6,8.112268
3ap4,3.92,4.1705995
3tyv,8.1,8.922392
3t2v,6.99,6.3282404
3i02,7.52,6.9295
4ajl,3.8,4.399015
4k6y,4.83,4.3306527
4uin,7.62,7.457721
5aom,2.9,3.5213187
5d7c,6.85,6.8873644
4oon,7.52,7.236507
1f4x,5.59,6.22271
2vj7,7.4,7.6820726
1rhq,7.75,6.796843
2qcg,4.0,4.360369
2ow1,9.0,8.620152
3otx,4.53,5.3744774
2fzz,10.52,8.519454
4wa9,8.42,7.3302574
3u90,4.62,4.2371497
3tgs,5.39,4.914055
1p19,4.11,4.6175184
4e49,5.11,4.1954503
3rl4,5.42,5.2416863
4b4n,3.44,4.1301217
4twd,5.08,4.607639
2v3u,3.0,3.1340528
3ws9,7.04,7.998468
1g49,7.8,7.4850454
1xt8,6.85,6.8294287
4h2j,5.32,6.66493
2ydj,8.3,8.242219
1b5g,8.0,8.603563
3v3v,5.34,6.740097
1sqo,7.46,7.2600155
2ckm,8.82,8.313288
3q4b,9.33,8.397986
1mzc,10.22,9.081917
4lv3,5.49,7.7677298
1b46,5.28,6.6271496
1fhd,6.82,7.013419
4q4e,6.72,6.1884184
3v66,8.89,8.35816
2flu,7.7,7.09233
4lvt,10.36,9.109303
4c94,5.05,4.9976473
4bdi,3.64,4.9488683
4q4r,6.43,6.922874
4cqf,4.3,5.2176914
3zjv,6.27,6.536967
4k43,6.88,6.619863
1mqg,6.28,6.924007
2x52,4.24,4.4671183
2qc6,7.0,6.4964886
3atm,3.06,3.560236
2wic,5.39,4.9203205
2pj9,7.92,7.9798756
5acw,3.84,4.9738154
3jzo,8.52,6.956621
3sie,7.88,7.921533
1eoc,6.05,6.3653655
1u9q,8.33,7.3734245
4z2h,5.08,4.7912164
2liq,5.85,6.4349804
3p4f,5.66,4.6743126
3rqw,2.7,4.1908073
3eid,6.35,7.215415
1utm,3.01,3.4020252
4pml,4.52,4.479646
2c4w,4.7,5.2449083
3s7f,5.43,5.193485
1mh5,9.21,7.7435846
2uxu,4.74,6.1489763
1gi6,6.22,4.854271
4hg7,7.05,8.729473
3q72,5.8,6.7249837
3bu8,6.92,6.467082
3e4a,8.77,6.9113054
4ohk,8.3,7.7416477
4h71,4.45,4.7555275
2anl,6.96,6.931842
5dhg,9.14,7.3870797
3njy,5.77,5.3362784
1amw,4.54,4.3376803
3nti,5.22,4.7718267
4ndu,2.74,3.5432913
4eeh,4.35,4.5343795
3rtf,7.35,6.632162
3vv8,4.77,6.0347624
4hxr,5.39,5.361088
1no9,7.62,5.0143185
1au2,7.89,8.979575
4zsr,4.44,4.763453
1uu7,4.85,6.732163
1bnm,10.0,8.274847
2oht,5.04,5.789181
1at6,4.07,4.0950217
2gg5,6.6,6.8831463
3bgp,7.04,7.4278965
2x91,6.74,7.193194
4l2x,7.41,7.546691
4oma,4.17,5.9676743
3b9s,5.3,4.8666863
4gnf,3.35,4.310748
3skg,8.1,7.7818747
4mpc,6.15,6.3230295
2brg,5.21,7.1234274
2sfp,1.7,3.389736
1llb,6.05,5.2368927
4ie2,5.35,6.6439457
2brm,5.89,6.770832
3hf8,6.51,7.2135143
3o9p,6.52,6.4748974
4cxw,6.09,4.9225383
1ugx,5.91,4.825759
4uib,9.0,6.9471054
3vqs,7.75,8.058882
3ik3,8.7,8.066232
4aqh,6.54,6.9071417
2vwy,7.05,7.2242975
4loo,8.15,8.126965
3qtu,7.15,7.189617
2qwg,3.64,4.874468
3l3x,6.15,5.5038524
2vxa,5.6,7.0035467
3svj,6.93,7.0735083
1puq,7.28,7.1320853
2hny,5.93,7.351198
1ao8,8.22,8.5675125
3u10,5.44,6.8650637
4qkd,4.09,4.0849686
4nw5,7.7,7.718934
2cm7,6.68,6.470003
1hsg,9.42,8.489901
3v30,3.74,4.875573
3ctr,5.16,5.30956
2qki,6.41,5.434976
4e0w,7.48,7.4789467
4kcg,8.3,8.398186
4pns,4.52,5.052227
1lfo,6.7,6.757
4loi,6.77,6.653099
1tsi,3.48,4.717771
4gzx,3.19,5.379112
2v2h,3.77,4.0000625
1v79,7.89,8.159655
3v6s,9.12,7.3335323
2wky,8.59,7.672026
4um1,5.77,7.2573977
1pi4,7.43,7.9700623
3n46,4.3,4.757501
3gjw,8.3,7.522707
3e8r,9.74,8.285992
3ibn,7.61,8.057734
4at3,8.4,8.071044
7gch,5.7,6.88678
1gww,3.59,4.0333366
3nnv,7.57,6.9765496
2y8o,5.12,5.738865
3qkd,8.38,8.194557
2yog,4.51,5.4842167
4m3p,5.4,5.5382247
2y34,7.1,6.7874184
1ke8,6.0,6.6071844
1ppw,4.3,7.2314205
3g0c,5.7,7.615642
7abp,6.46,6.8444963
1tkx,7.54,7.692978
3n0n,7.3,8.02739
4h3c,5.72,5.0042048
1i7m,9.64,7.4394045
4msa,3.3,4.275635
2v3e,6.52,6.7555676
4jzi,7.4,8.00759
4bao,8.37,7.4087543
4mzf,7.35,7.383551
4e20,8.22,8.850733
4trw,4.14,7.0615797
2y77,6.6,6.609462
4u03,5.77,6.602068
5dj5,5.6,6.1962256
2c6c,7.52,7.0462246
4iu1,4.3,4.8807797
2w1c,8.0,7.6081634
5clm,7.36,7.2289762
5csz,7.77,7.7755985
2y6o,7.6,7.314755
1i9p,8.41,7.902174
3hs8,5.3,5.1881323
2xlc,2.3,3.7496939
4qwk,6.27,6.053343
3og7,7.51,7.938426
3ap7,3.0,4.1302023
2fci,7.15,5.700794
1bhx,6.84,7.442506
4flj,5.13,5.8850403
1zhk,4.45,5.055223
2ybp,4.62,4.615362
2ql5,8.1,7.1264296
4g2j,7.96,7.536623
2ll7,8.8,7.3496175
1so2,9.57,8.217597
4wov,7.14,6.878773
4u6r,7.85,7.7311907
6cpa,11.52,8.043857
3nkk,4.7,4.2247577
4yo8,10.52,9.991619
2y5g,6.84,7.4459524
4yk5,7.64,8.189644
3u4w,8.4,7.6251287
4ayr,7.0,6.970271
2lya,4.19,4.767885
1w6j,8.19,7.458231
3jxw,9.0,7.947656
3m5a,4.96,5.098752
4c66,4.1,5.8868446
2ri9,3.22,3.8825848
2qw1,3.9,4.8714676
2ax6,7.57,7.7512665
4lnp,3.67,3.5981655
4oem,5.3,4.6920385
4mp7,5.74,5.237142
3kr4,7.6,8.089895
4l32,6.84,7.152954
4ozn,5.4,5.87996
3w2o,5.08,7.866289
4c1w,9.41,6.7133403
2q54,9.01,8.702276
4lng,5.62,6.987975
4ii9,6.03,6.5031176
3c4h,5.7,4.4130692
2vxj,4.17,5.162854
4yw7,6.89,5.582367
1g35,8.14,8.253896
3gm0,7.77,8.196482
3kfn,4.74,8.529212
3b8q,9.3,8.616467
4b2i,3.0,3.1089392
1yrs,6.35,6.338903
1j19,7.79,6.1266947
1ywi,3.43,4.3361206
3puj,4.51,5.6499524
4y2s,4.28,5.004707
4mlt,2.85,3.4469533
3sl0,2.7,3.8957124
1qiw,7.74,7.509955
4rpv,8.52,8.222984
3ip5,6.22,5.9000387
5em7,7.72,7.111561
3wzu,5.89,5.3003283
3e6v,6.83,6.9250126
4kil,6.3,6.6637897
2rfh,6.82,8.102802
2rcn,6.0,6.706259
2h5a,5.1,5.7539434
3f7i,7.34,6.550804
1csr,7.38,7.4214
3le6,7.46,6.813694
4uil,7.24,7.366554
1nyx,7.04,7.0408373
1m5e,7.7,7.285166
1sqc,6.85,6.8403463
2fx9,7.77,8.619171
2bjm,3.7,4.39148
3tjd,9.0,7.782467
2wo9,7.21,7.4628363
4zk5,8.43,8.212953
4na8,8.82,8.324044
3kqd,9.4,8.952209
3wab,7.47,7.1924562
2ow9,7.52,7.4355316
2wcx,7.6,7.055362
1lke,7.52,7.05128
4kzc,8.09,7.6673207
3v51,8.55,7.7516813
2x6y,4.59,4.7827168
1c3b,7.57,6.8088913
3fsj,3.95,4.666254
4hyb,6.46,6.117434
1j4k,4.0,4.0911818
1xpc,8.77,8.357236
3pbb,7.02,6.774946
1zc9,3.22,4.095507
4ehr,7.89,7.836405
2r6n,9.0,9.032112
1o35,5.0,5.4319797
3zhz,7.05,7.238982
1lqe,5.82,6.655651
3qfv,5.77,6.579994
3f07,5.54,7.133754
3oap,6.26,5.858364
2oc1,5.37,7.5064054
1z1h,8.4,8.91169
4z84,5.82,7.0459127
3zju,5.68,5.2571163
3nkx,5.12,5.303593
3o57,10.1,9.010681
1stc,8.1,7.085045
4ebw,5.06,6.035886
3bft,6.49,7.34773
4ban,8.61,7.523549
3gol,7.09,6.743767
4uyd,4.1,4.6076913
4qyg,8.39,8.262915
1pu8,3.1,3.9227583
2i0y,7.62,7.442658
2w7x,7.62,8.019953
2jk9,6.82,4.808601
4os7,4.62,5.7138057
3mfw,3.52,3.1690009
1mfd,5.31,4.8059607
3mjl,2.44,2.4850311
1l2z,3.69,4.9718075
4xit,7.27,6.837365
2ylo,4.88,4.505257
1gt3,6.46,5.7404613
4ef6,2.92,3.2904785
2rqu,4.63,4.5378766
3pa5,8.7,7.426264
2xwe,6.02,6.670904
2g9v,5.92,4.4295826
2qn1,4.77,5.217373
3iqg,4.6,5.034226
1nw7,5.09,4.9824204
1ql9,5.35,5.467194
3kec,7.24,8.708572
3zmg,7.64,7.6016865
3stj,4.8,5.501774
2xaq,5.96,4.850278
3mpf,6.37,7.3938622
3h85,5.22,6.4197235
3wyy,8.49,8.151024
2ay4,2.91,3.0827556
4xy8,6.4,6.733571
2bfr,5.25,5.262923
2kce,6.17,6.242231
2ohk,2.7,3.3235607
1zz2,5.22,5.905994
3c4c,6.8,7.783495
4g2l,7.49,8.001816
4i73,6.72,7.0298553
4o7e,5.24,6.1599374
2wxg,9.15,8.700673
4hdb,8.05,9.30574
1gwm,4.1,4.031292
4lhv,10.0,7.6139917
1gfw,7.82,7.6137667
2wtw,8.19,8.149972
2gvv,3.9,4.2860913
4kod,5.36,6.4069314
3bh3,6.15,5.204298
4ocq,4.61,4.8410516
4d2t,6.0,5.1233835
3mhm,7.0,7.754318
4jn4,5.86,7.132416
3w5e,7.96,8.289418
2nmb,6.28,6.4088016
3fzy,6.74,7.017905
4z7s,8.22,6.709495
3k4d,5.11,4.8611913
3ozg,9.19,7.6632137
2ddf,7.39,7.947144
2qzk,7.57,7.2095222
3hhm,7.92,7.96504
1ow7,5.4,5.8013897
4rxe,6.64,6.4797525
3pab,4.7,6.7278314
3shb,6.03,5.741877
3g30,2.51,4.591303
4oc3,8.28,8.261985
4kni,7.78,7.744647
3lok,6.92,6.4859595
4hj2,2.53,4.6153126
2ltz,5.35,4.909809
4lts,8.36,7.61327
3uoh,7.89,7.674741
2o1v,5.3,5.4991875
2xx5,6.7,6.444143
2x38,6.89,6.5479918
2yln,7.68,6.4540224
4e4n,9.05,8.444391
4n98,3.55,3.57615
2rio,4.69,4.3661623
3o86,7.15,6.830021
3hnz,7.72,6.4930067
4lj5,6.29,5.848152
1tsv,4.8,5.3828855
1tnl,1.88,3.6637454
4uiv,7.8,7.2323484
2ivu,6.43,7.6309824
2vti,6.18,6.2179856
3kpu,3.16,4.7666698
1a99,5.7,5.494556
4uwh,8.52,7.759107
2y1o,5.09,4.3416314
2y57,6.89,7.1349263
4acf,5.8,6.1704473
4ww6,10.21,8.913834
3qcy,7.7,7.350116
4prp,5.66,5.252948
2hiw,8.1,7.4301987
4cr5,4.15,4.544218
4pz5,6.92,6.7357035
2prj,4.49,4.125797
1abf,5.42,6.5089855
5diq,5.17,4.7206454
2y4l,6.3,5.7061663
4kbk,8.18,7.1526623
4psh,8.89,7.1653748
5a2i,5.06,5.460127
1il4,2.85,3.1689668
4tjy,6.44,7.049518
4u0u,5.82,6.03506
3omg,4.72,4.893697
1ax1,3.29,3.743357
4pmm,7.57,8.891165
2w6c,8.41,7.3778105
4hfp,7.38,8.085761
1tr7,6.82,7.5728683
3kqm,3.77,4.341605
4oty,7.4,6.8953013
3t85,7.95,7.145722
3jzb,9.01,9.514727
3unn,4.4,4.535399
3tjm,5.2,6.9215803
4an0,10.7,9.62335
4cpx,7.77,8.111502
1g52,9.54,8.268604
3kze,3.95,4.7419147
4lkl,6.09,6.019988
1uk1,7.22,8.170857
4ep2,5.35,6.7791424
4cc5,4.42,4.9309053
2ovx,8.7,8.379892
4i3z,4.29,4.836464
4ie6,5.55,5.8196554
3wd1,7.66,6.372287
4fil,7.47,7.260027
3hr1,9.43,8.277369
1m0q,3.89,4.792281
3gws,10.09,9.65675
2xno,5.93,5.49214
2qp6,6.68,7.069191
3kr0,4.7,5.425059
3qs1,7.96,7.7805233
4kip,8.15,8.6206
2cnf,6.62,6.776062
3hio,6.52,5.4522295
4pge,7.77,7.940342
1mzs,5.15,6.1037045
1om1,6.77,6.8827605
4waf,5.0,7.7452106
4dum,7.02,6.725114
5d1s,5.02,4.3412957
3g4k,6.54,6.4570904
4hcv,6.4,7.679616
3bgc,5.02,8.657388
2uuo,3.77,4.349741
4tkn,5.89,5.876917
4o5g,4.3,4.0959163
3f35,3.16,3.0745196
1pum,3.05,4.110602
3ayc,4.24,4.0692134
4hy0,6.7,7.841363
3ps1,10.17,7.754362
3mf5,5.36,7.341817
3s22,5.46,4.808498
11gs,5.82,6.7691584
3k0h,4.6,4.647873
4jve,7.07,7.4757843
4w7t,6.05,5.790865
2v25,5.72,6.033638
4knr,5.74,7.410387
4zip,9.68,9.374896
2h2g,5.04,4.5942535
4eyr,6.63,6.162738
1vyf,8.05,7.2660217
4fgx,7.14,7.589962
4im0,7.72,7.430276
4b0j,2.15,1.9060524
3zm5,6.74,6.813093
3pch,5.4,4.2409506
3oui,4.9,7.168142
4bo0,6.7,7.1107755
4acc,7.7,8.351448
3oku,6.36,8.030843
3hac,8.17,8.715895
4mbj,7.21,7.828561
4lnb,6.56,7.014488
4mmf,6.53,5.6844273
5f2k,6.16,5.9239826
2qtb,8.32,8.458618
2p3b,8.48,9.0224285
2ay6,3.11,3.3955061
1rsd,6.52,6.466934
3i06,9.7,7.7346745
4cae,7.74,7.1742544
2ria,2.57,3.0305033
4n7j,5.47,3.8868423
4nh7,8.4,7.5601177
3adv,3.03,4.4154387
2qe2,7.77,6.6496925
1bdq,6.34,8.22535
1rek,6.7,7.3163366
3fh5,7.06,5.401739
4c35,6.25,7.3608017
2bua,4.52,4.939219
3li2,9.0,7.8777595
3bl7,8.4,7.2984676
3dcv,8.52,7.300991
3v2n,6.1,5.919088
3k5u,6.51,7.2525997
3f5k,4.62,4.8124347
2f0z,4.77,4.679195
4ara,6.05,5.9130697
3eg6,5.77,7.1056604
4ymh,6.46,6.148759
4wks,2.7,3.4545205
4bt9,3.84,4.246472
3m93,6.62,6.760488
4aj4,3.89,3.9917803
3t0m,3.94,4.5988975
4kfp,8.0,7.6324215
3bqn,8.6,8.792679
4uvw,7.72,7.0642743
1dhi,7.26,7.0102077
4lgg,8.52,7.2036552
4aq3,7.43,8.23498
4iq6,7.24,8.24803
3cho,6.55,5.090473
3ohh,7.74,7.7914643
4qvn,5.1,6.4432125
3avl,4.18,3.941136
3uok,9.1,7.783045
3my5,4.19,4.6373425
2c1b,6.4,7.0418706
2zjv,5.14,7.4158525
2xl3,5.25,4.5489345
5aoj,4.68,4.198992
3qk5,7.74,8.480092
3wqw,5.23,4.458404
2mc1,4.15,4.4715652
3lkh,6.1,6.6813583
4pd8,6.03,4.5924516
4uro,8.4,7.3212852
1mq5,9.0,8.7822275
4nze,6.8,7.5113153
3uph,7.82,7.737055
4dh6,7.77,8.399313
3dng,8.13,7.0864387
4bdc,4.93,5.015423
4ezw,6.0,6.640906
3ddq,6.68,6.5881977
4q1b,8.72,8.073722
4i8n,4.46,6.892915
2brh,4.64,6.6058207
2bcd,10.22,9.104507
3ij1,4.7,5.4800634
4mnq,4.43,7.2085743
3avf,3.53,3.7008526
5alo,6.13,5.735743
3h03,3.87,4.23382
4rgd,3.94,3.3677864
1xb7,6.22,4.9813185
3rjw,7.57,6.9849644
3f37,2.62,3.2762287
2v5a,6.82,6.5921526
2yim,3.92,5.1708817
1ngw,7.68,8.010843
4fhi,7.0,7.766973
4ce3,3.96,6.4265256
4x1r,6.4,6.3494215
4qvw,5.38,6.4432125
1gwq,7.12,6.65501
2i0e,8.7,8.019365
3k41,0.82,3.3202004
4gtq,8.3,9.326855
4r5x,5.26,5.8477144
3elc,2.69,3.2854273
4ear,9.82,8.699224
2fpz,3.96,3.9184127
1pwy,4.05,5.821553
2zhd,6.54,6.77915
4c9w,6.11,7.11178
4c4h,8.22,7.637777
3ns9,8.52,6.6065717
3mtd,3.47,4.2224445
1a61,8.62,8.845459
1xa5,6.5,7.706209
4eev,8.33,8.070522
4inh,6.25,5.6847696
2e9u,8.1,8.152009
1jjt,8.05,6.8520823
4tyl,3.22,3.1055918
2hzn,7.39,6.733194
4cjr,3.1,3.7334952
5aki,6.12,6.232072
2zva,7.96,8.45368
1zlv,6.15,6.2390823
1j07,7.68,6.947953
2yel,7.28,6.9013567
3s00,4.92,4.993767
1sqi,7.7,7.062641
4b3d,2.68,2.8568985
1wcc,3.46,4.33499
2vtj,5.72,6.077053
2z4z,5.73,6.638836
1pwp,6.3,5.4438415
3opm,6.62,7.2557178
1zhl,5.0,4.832174
1tu6,9.08,8.650642
4ckr,6.98,7.734724
4erk,4.57,5.159101
4clz,4.37,5.36485
4olh,8.3,8.080292
3c56,7.89,7.10534
4o43,4.3,5.047849
1elb,7.15,6.8748827
2xke,5.38,5.8801475
3kxz,7.46,7.900055
4nzm,6.85,6.8560266
4avj,7.44,7.7556467
2g1q,7.36,7.510588
3kmm,9.7,8.927986
1z6p,6.05,6.826851
2x2m,6.77,6.074484
3sv9,5.0,7.1560993
4yfi,6.3,7.078786
4xpj,5.09,4.4267907
4bnu,7.7,7.061982
4i5p,6.42,7.3470135
3ika,7.85,8.408529
3g1m,6.3,5.540749
3emh,6.85,6.5547037
4l6t,7.49,6.1664386
1w51,6.3,6.950322
1awf,6.01,8.043407
3r5t,8.58,7.74893
5e2p,8.8,8.045092
1b38,6.6,6.6454096
6cgt,6.0,4.946408
3vru,10.0,8.719572
2uw6,6.55,7.0186596
2w4i,6.3,6.7226944
3i4a,4.28,5.436241
4qwg,5.97,6.053343
3kqw,4.01,4.181878
1uod,3.11,4.1782384
3uig,5.32,5.0171533
2wtj,6.15,7.0774026
4b7p,9.46,7.664794
4jj7,6.4,7.053236
1tv6,5.4,7.649399
3wnr,6.28,4.7401676
4n3r,6.82,8.0321245
1egh,5.7,6.786063
1qbs,9.47,8.136082
4unp,3.23,3.9451523
2vio,4.4,4.4600644
3vw0,4.67,5.389699
5ai1,6.47,5.473622
4q1d,7.78,8.268196
3fck,4.0,4.196013
4ewo,7.36,7.6435404
2vjx,4.96,4.8996716
1lhe,9.54,8.337515
5amg,8.22,7.1690803
1nnk,5.46,6.1029143
4pb1,2.82,3.9967782
4jpe,7.32,7.285917
1c5p,4.68,3.8980174
2fw3,6.42,7.038902
2o9j,6.92,7.2536936
2jbk,6.4,6.4322443
4b6e,2.3,3.602814
4deg,8.22,7.7681065
3qx5,4.2,6.240363
3kr2,5.14,5.5504894
2zx8,9.64,9.605006
2i0h,8.05,8.401655
4csj,8.31,7.750986
3nf6,3.53,3.6452174
3hrf,4.99,4.3424034
4k2f,7.4,6.774088
1o8b,2.68,3.8261895
4rfz,7.4,7.7285147
1z6j,8.03,7.9205856
5aph,7.22,7.1671667
4fzj,3.15,3.6685688
3kqr,4.43,5.045953
4gj8,3.3,6.1182885
4ec4,7.6,8.389748
3nu9,9.05,8.88937
4d8c,8.7,7.8117228
3u4h,4.25,4.069232
4rad,7.1,7.2409086
3n9r,7.15,7.0913796
2wgj,8.7,8.07346
2nn8,3.59,3.8529675
5aib,3.8,4.251773
3cfs,5.96,5.8072414
4p74,5.0,6.4868035
3qar,6.49,7.2613096
1qhr,6.89,6.6360574
4dpf,6.4,7.4862833
2y6d,7.1,6.9716797
1unh,7.0,6.5722666
4l2l,5.7,4.327613
3kdt,6.59,6.967481
4pzv,5.7,6.5318317
3o0g,6.22,6.4720316
4qz0,5.46,5.8942757
4ks4,7.14,8.092556
4jbp,7.39,8.4956
1a5h,6.3,6.727742
2afx,5.15,4.937763
1d4k,9.22,8.9221
3qn7,6.8,6.5432343
4ibf,4.43,4.5271363
3kba,7.8,8.893975
3ig7,7.2,7.1641264
1d4p,6.3,7.6887608
4qrc,6.34,7.7789536
4u5u,2.89,3.8992617
3zha,6.0,6.847744
4cgj,2.84,3.2536433
3oki,7.15,7.1468573
2zdt,8.02,7.343794
1bky,3.84,4.4304028
3zkf,6.02,6.177877
3fa3,5.6,4.045766
1wdq,1.98,4.050608
3sur,4.15,6.446265
1oai,5.0,4.431356
1oe8,5.52,4.915075
4pyq,5.36,4.668528
1rdj,1.66,2.7383275
4x7o,8.7,8.340475
1ckb,5.28,5.216553
4gr8,7.83,7.7493744
2jup,3.81,4.121599
3chp,5.27,5.5859222
2yi0,8.12,6.8621154
4pop,8.13,7.1233416
3ggu,9.77,8.880461
3bti,6.14,5.983596
2bts,7.7,6.596327
3isw,4.05,5.7373443
3f3v,7.14,7.7890234
3jsw,7.18,7.2478337
2p0x,6.31,5.436861
1f0s,7.74,7.21503
3uod,7.31,6.8721657
4bfd,7.02,7.672635
4jgv,6.57,6.7253227
3kgu,5.92,6.6901245
2xuf,14.39,11.728535
1r0x,3.83,4.540172
2gej,6.64,6.7557077
1ke3,6.7,6.9661274
3ehn,1.92,3.7824893
3guz,4.38,4.687615
3sha,5.59,5.6918554
3ga5,5.49,5.832865
2ydw,7.34,6.724391
1e06,5.6,5.049859
2xwy,5.22,7.126917
4bo9,6.51,6.7686224
2i4p,5.7,6.39108
2aay,2.92,4.040884
3ipy,6.29,7.2353373
2o4z,6.25,6.4634933
4uu5,5.04,5.7715816
3i81,7.89,7.993067
3vws,3.65,6.4367943
2f14,9.19,8.545826
3ml2,8.05,7.720309
3s54,9.64,9.049177
2uym,5.51,7.060988
3lvp,8.7,6.796376
2wks,6.89,6.6307945
3hkn,5.35,6.862646
5ar7,6.49,7.1810837
3wpn,4.36,5.907222
4i8z,11.05,9.728117
4yrg,2.7,3.1462665
3lxg,8.14,7.267802
4d8i,6.69,6.052438
3k3g,2.85,4.391114
3e9h,7.55,7.4708967
3hek,8.27,8.2300625
4phv,9.17,8.577495
2ftd,10.39,8.805075
4yy6,4.22,5.3000536
4uy1,4.7,5.2008257
4npv,7.46,7.572617
4bbh,7.1,6.6318426
1m48,5.09,5.409926
3fcl,3.5,4.7377706
4fai,6.99,6.984952
4i9i,8.1,7.885712
1b8n,10.52,8.50553
1v3x,7.62,8.250922
2wl0,7.8,8.231107
3uxg,3.96,4.8387856
3atw,7.01,5.2698083
3bc5,8.3,7.814046
4dvf,6.89,7.7213964
4pp5,7.74,6.88901
4hnc,3.17,4.32227
3zyh,4.29,4.879301
2wva,10.7,7.938637
3g4f,4.52,5.3420773
1dm2,7.15,6.26114
2fl2,8.7,7.587467
4mma,6.04,6.4383793
2pu0,7.82,8.015827
3el1,9.64,8.139953
4gwk,3.34,2.990715
2o63,6.11,6.454648
4x49,4.53,5.0540395
3eqy,8.05,6.780154
1dmp,9.55,8.383695
2uyw,13.0,10.153021
3tmk,6.87,6.1260715
2k0x,5.68,5.057668
4gjc,7.05,7.2470636
1zz3,6.54,6.2137203
2vxn,5.0,4.034526
3o8g,5.13,4.4696083
4gj6,5.12,7.3939257
2z60,8.05,7.6719055
1msm,10.48,8.5715065
4ay6,5.12,5.4212284
3nba,3.41,4.8026032
5cnj,6.84,7.4881573
4qjm,8.17,7.586528
4ffs,10.44,10.987673
1hyo,4.07,4.1739883
2q7q,5.3,4.81885
4yuw,5.77,4.783431
2r0y,3.0,3.913393
4bzo,7.89,8.180003
3fat,7.64,7.4568734
3zvw,3.9,3.957093
3g19,6.67,6.0722656
2xch,6.43,7.53724
2pix,4.3,4.2670436
5edq,8.7,7.742137
2ha0,4.43,4.497008
4km0,6.04,6.4716187
5c83,6.8,6.474127
3fn0,4.4,5.6544447
3i8t,3.22,3.709883
2ybt,4.7,4.971503
1axr,3.27,3.7071543
4gne,2.47,3.9872348
3cf1,6.64,6.6228538
3s53,9.64,8.886856
3hbo,5.09,5.3462152
1gnm,6.25,7.656535
1o4b,5.7,7.9541273
4lxm,7.06,8.297781
1jii,9.0,8.114885
3aav,6.62,7.3782563
2w6o,4.22,4.5398817
3qs5,4.71,5.7813396
3que,8.82,7.711795
2j4a,10.6,9.673628
3fxw,5.96,6.946701
2o9a,3.81,3.7008934
1ydb,8.24,7.2790394
3qqa,5.82,6.177491
4rrn,7.32,6.870512
4epy,3.47,4.803389
2xrw,5.15,5.2270594
2ohv,6.46,6.813901
1zd5,4.87,4.9173026
3e73,3.15,4.2713456
1czl,9.15,8.162908
1f2p,1.9,3.1362362
3gk4,3.92,4.6447277
1dwd,8.18,7.606767
4blb,5.35,5.609737
4iic,4.85,4.660711
5aad,6.67,8.229437
1bim,8.92,8.62779
4g2w,8.8,7.8854694
1qxl,7.96,8.794769
1zsr,9.82,8.331308
2pr9,7.37,6.305173
4p72,4.09,5.1360207
4bqx,6.52,6.6714277
1gu3,4.32,4.2346954
3efr,5.08,7.521711
3hyg,7.03,6.749811
4ch2,5.99,6.1637754
1inc,9.34,7.83608
4hy9,7.1,6.4460583
4mgc,6.32,6.472873
2xag,4.55,4.820311
1mv0,4.03,4.8324966
2yme,7.66,7.3070955
2xwd,6.96,6.57162
2bve,3.67,4.0763264
4obv,0.75,2.0632782
4wsj,7.33,7.3955355
4fz6,6.9,7.0910463
2uze,4.33,6.6981955
1rbp,6.72,7.06304
3b78,4.1,4.342493
2vwx,7.4,6.890341
4osf,5.44,5.4431653
4pm0,7.35,7.2092047
1vij,9.52,9.190416
4qgi,3.9,7.7815537
5cf6,8.09,8.251381
1xmy,7.3,6.883845
4mr4,5.94,5.740078
1fd7,1.85,3.5488153
1o41,3.05,3.4417307
1ysg,3.52,6.304229
2wmv,5.04,6.4464197
3qu0,7.7,6.7299027
4puz,8.11,7.1660285
2w6q,4.6,4.9181275
4p0n,8.66,7.795044
3cgy,3.15,4.7225533
4bb9,6.0,5.1593294
1k27,9.0,8.206651
1nhx,5.68,4.785811
4cbt,7.3,6.8736677
2fv5,11.7,9.237038
4n00,8.02,6.7107763
3pwd,6.66,6.737422
4eqj,5.6,6.6522636
2zx7,10.49,9.030766
4rj5,7.18,7.220475
2vqj,6.44,7.2487717
4qsh,5.1,4.6924057
2p83,7.96,8.236841
1ke2,7.35,7.7681465
3vry,8.11,7.2774906
2nw4,8.68,7.943654
3nfk,3.8,4.592671
4u6y,7.08,6.2693653
3umo,3.89,3.9581475
4zy4,7.66,7.6167727
4mi3,4.12,4.46977
4jv9,5.74,6.5362043
1d1p,3.6,4.0846305
2rgp,7.52,7.9111767
2vcx,7.68,6.124168
3my1,5.45,6.892582
4mre,2.19,2.5517428
4jyu,8.0,7.1274877
2x8i,6.72,7.3012557
4w9d,4.99,4.7842565
3gjd,7.33,5.9958873
2c6o,8.22,7.1816077
3cr4,4.28,5.0550594
2pzy,7.47,6.9832354
2idk,5.54,6.180951
3m2u,7.0,7.3570213
2ow6,2.7,4.7232833
1zaj,5.1,5.645952
4ezk,8.2,7.3311157
4iue,6.55,6.420601
3mt9,4.59,4.1687026
3qtf,6.96,6.859288
5agj,6.15,6.189453
1sdt,9.27,8.5861225
4nw6,8.4,7.7513833
2rcw,8.1,7.071807
1ca8,9.49,7.702944
4l2k,6.44,6.902283
2a4m,4.52,4.8094106
4bh4,1.49,2.470621
2rox,4.98,7.8699183
3dg8,4.7,4.9797626
2oz6,5.26,5.0024323
4ytf,8.15,8.242032
3zdv,5.48,6.488508
4x8s,1.89,4.111153
2h8h,8.57,7.549532
2bvs,4.1,5.3523626
5a3u,8.32,7.107915
4kp0,8.65,6.3563967
4gzp,7.84,7.9086246
2xtn,7.4,7.3722906
1hq5,5.65,5.495645
3nzw,5.82,7.3910356
4hw2,7.26,6.9512835
3p3s,7.59,7.215231
3kd7,3.7,4.6485085
3b8z,6.54,7.3585987
1rlq,5.1,5.319664
4hs6,7.52,8.125352
4os5,4.63,5.6960535
3at1,3.18,4.4843783
3p7c,7.66,6.71983
1iiq,7.48,8.368787
2iw9,8.05,7.1903505
5aen,7.22,5.642689
1rm8,9.0,7.736561
4xkb,6.1,5.1587734
3e6k,5.15,5.5390115
4x6i,8.0,7.8423653
4tky,5.7,4.646524
2zju,5.81,7.1807485
2y4a,4.38,4.8040757
2brn,5.26,7.4021077
1hlf,5.64,4.844046
5a85,5.3,5.7519774
1jjk,11.06,8.150735
3q2j,4.18,6.3115444
2rc8,6.52,6.5700884
4wnk,6.42,7.455445
3snd,5.08,4.9281836
1jk7,8.52,9.107817
2f7i,7.1,6.653531
2woa,5.94,7.234225
4o9v,8.0,7.103135
3bgl,8.35,8.213512
1v2v,3.37,3.9382086
1tkc,4.85,6.484595
4anx,7.74,7.502065
1wc6,4.0,4.246838
3zpr,6.65,6.53065
4c6u,4.59,4.5060897
3mea,6.3,6.290547
2mwp,6.05,5.0515833
2hj4,5.37,4.7378626
2r3k,7.0,6.947876
4rww,5.85,6.125138
5awj,9.68,8.940167
2az9,7.66,7.790049
2oaz,8.7,6.983156
3nyd,3.48,4.6428194
1x8r,6.12,5.9863434
2ltv,5.16,5.113317
4i8x,2.64,4.5514736
2yde,3.72,3.1811864
3coj,5.28,5.4491673
3pe1,9.65,7.84424
4oyo,3.52,4.009656
3nam,8.46,7.459427
2kmx,4.08,4.0156536
830c,9.28,7.939577
1dqx,11.05,7.3625307
2yol,6.89,6.490132
4zg6,6.33,7.155718
4g5y,2.77,3.9791913
4ifi,5.48,5.059736
2iku,7.1,7.520036
1ao0,4.96,4.0295696
4a9s,7.21,6.7424564
1akr,9.09,9.004382
1gt1,6.0,6.321254
4qp1,3.61,4.979835
2c6m,6.46,5.6981015
3amb,6.18,7.628872
1qk3,5.15,5.8788223
3qip,6.89,7.8936934
1x1z,11.06,6.4146614
4u01,8.46,8.07082
4qz4,5.01,5.798478
3s78,6.47,6.7212934
3qai,8.1,7.020655
1qbv,5.39,7.184901
3tz0,5.04,5.554771
4fi9,7.34,6.5616446
1h9z,5.42,5.0355434
2w87,4.65,4.239132
3zi8,5.66,4.8949356
4psq,6.36,6.7125397
1pu7,3.1,3.938046
2azc,6.74,7.5516834
3bl2,5.8,6.3435984
1swn,12.0,10.903113
4b1j,7.3,7.289866
4j8b,4.79,5.2649684
2y1n,4.77,5.499275
3nal,8.1,7.8867683
3zp9,7.82,8.341499
3kpw,4.85,5.2430162
1ttm,7.35,7.515274
4wwp,6.92,6.785154
1p03,8.19,7.2448673
4gto,7.98,8.362318
2bt9,6.19,6.2497206
3iww,7.96,7.698145
3vvz,4.58,5.370902
4n6z,7.8,7.902629
4d2w,4.51,4.8706503
3f6h,4.72,4.4616494
3npc,8.34,7.7881107
3sff,6.7,7.2024593
2p94,9.17,9.249758
2ael,6.29,6.567815
4uv9,6.01,5.506527
4kox,4.77,4.5653076
4u5j,5.53,7.0012474
4j93,4.7,4.2603474
5ek0,7.68,7.7378845
1hn4,3.82,5.9818516
2qzl,8.1,8.009893
4qtb,6.7,7.3547945
1fq5,8.4,7.507348
4an2,9.05,9.357787
4fjz,6.29,8.155652
2jg8,6.3,3.6975813
1ynd,8.44,7.7351475
4bhz,4.27,4.4776626
4a7j,7.0,5.972537
2xpa,5.39,4.7973437
2qmf,8.52,7.9142776
2xn5,6.69,7.3568625
3lgl,6.05,4.9886203
4uce,3.17,3.524074
4h85,5.15,4.960976
4x47,2.85,3.4825096
3s8l,5.64,5.9792933
4i0r,7.85,7.902595
2h4n,8.7,6.2403564
4jq8,8.1,7.9568005
1qvt,4.38,4.5496955
2r02,5.1,5.272387
4xyf,9.0,8.106512
4k8o,3.77,3.8980556
4zuo,6.41,7.0459485
1bm6,7.89,7.6430974
3g0b,8.15,8.082232
4yrs,3.07,3.576764
4ca8,6.68,6.6870317
1nl4,9.41,9.132614
3qsb,5.08,4.6965847
5djv,7.11,5.304901
3f8f,6.63,6.7109547
3apc,7.44,7.5359325
3g1d,3.48,6.282784
1juy,7.66,6.0195518
4di2,8.26,8.710669
2x7d,6.7,7.413508
1e1x,5.89,6.301463
3hw1,3.06,3.4546463
2uw8,4.11,6.152475
4omk,4.4,5.1500354
2az5,5.27,6.3754334
4c68,6.17,7.1514006
1k1l,6.9,6.8960934
3kf7,7.4,7.4137397
2z1w,4.08,5.32304
4gj9,3.3,5.2430325
4h3b,5.17,5.933353
3ert,9.6,7.9161196
4igr,7.2,6.5146837
4wq3,7.0,7.24737
2qi5,10.85,9.29418
3hha,7.9,7.526968
2csm,4.3,4.400061
4x6j,7.8,8.70422
4o78,5.34,6.708583
4dem,7.55,7.882759
2wc4,5.29,6.6530213
1jn4,4.95,5.131381
2xnm,6.8,6.759158
4bfz,6.26,7.2989397
2w3k,10.1,8.978065
1vj5,6.92,6.0703573
2g1y,7.05,7.064536
3bgm,7.41,5.3938656
2zyb,7.7,7.768221
1njc,5.55,5.568927
1o44,8.52,8.089632
2xjj,6.51,7.3969803
3bwf,9.7,8.475334
2x6w,7.1,4.7179203
2zz1,4.54,6.1468964
4z1s,6.1,6.797038
2xj1,7.55,8.3939085
2b55,7.02,6.8843327
3iqq,5.54,6.63865
3sad,5.96,5.420776
1o2g,6.12,6.9417906
3a5y,7.96,6.8867846
4bcn,7.92,6.9535627
1gj7,7.89,6.1923294
4ag8,8.96,8.587316
4jbo,7.62,8.431955
2y58,5.5,7.207281
2m0o,5.38,4.759971
4uxh,5.96,6.3659487
4em7,5.11,5.2115865
2gst,6.07,6.555331
1uxa,2.3,3.3404694
4nue,6.82,5.8251595
5alz,8.22,8.255383
4xkx,9.05,7.698121
2qrq,5.1,4.4675975
2q8g,7.06,6.727231
3l81,4.53,4.9439383
4ty6,7.52,8.464587
1ogu,7.47,7.0698547
2wly,6.6,4.718394
4awf,5.57,5.686439
3ard,6.76,7.2788987
4u2y,3.99,4.9469237
2pvm,6.44,6.945797
2xab,9.27,7.515419
4frs,8.77,7.5313945
3b7u,7.74,7.151784
3s3o,7.57,6.648741
4bzn,5.84,7.5498643
4rfy,7.0,7.878504
2cgv,4.56,5.6678615
3ztc,4.56,4.611979
3lcu,3.52,4.868901
3n3g,7.24,6.9511614
1njb,5.8,5.223254
2wj1,8.72,8.67078
4f70,5.74,6.816039
2yjw,5.12,6.268244
3wzp,6.82,8.570273
1bqn,6.22,7.165126
4tlr,8.52,7.1293144
3bm9,6.72,5.973317
2pmn,5.2,5.752557
4ngt,8.41,8.656006
2iit,8.59,8.450146
2b53,6.22,7.0720673
3kl6,8.46,8.276154
2epn,7.22,5.769532
3tei,6.3,5.8077116
4uyn,8.4,7.974739
4qok,5.19,5.216128
4nmp,4.04,4.320792
2z7g,8.95,8.212607
4djq,10.32,8.608992
4av5,7.21,8.076309
2y81,8.7,8.481746
4jib,7.35,7.071104
4gwi,3.69,4.257909
2vwn,8.0,7.985897
3exf,6.54,4.927752
4uiy,5.6,6.977724
3gep,3.75,4.672478
4efk,2.49,3.3784661
4jpx,5.15,4.497061
4fl1,3.28,5.036883
4wpf,6.6,7.614864
1j17,5.22,6.542842
4ixv,6.62,7.0418663
4k8a,4.02,4.035412
1flm,9.37,7.306933
1avp,7.92,6.980089
3h59,7.89,8.564333
3ow6,6.66,6.320236
3n3j,8.48,7.702243
4d09,8.77,7.408203
2clk,3.79,4.3335967
2xp3,3.0,4.1216917
4u0g,5.29,6.036187
4eo4,6.35,6.8071823
4hv7,3.52,4.3035693
2wzz,5.4,5.8878465
2lsk,4.89,4.8217316
4fev,5.42,5.2662444
4bib,6.6,7.0188017
2bkz,8.15,6.923905
1jp5,9.22,7.75751
1gj4,4.07,6.99652
4o75,4.68,6.6457443
4ona,8.15,8.000626
1g9s,3.61,4.573129
4pox,5.43,5.0838447
4bdf,4.09,4.087025
2hvc,8.82,8.423349
4xir,6.94,6.661964
5cvd,6.41,6.321357
1b2h,4.54,6.5318985
4abe,3.4,3.3154466
4rak,7.85,7.4330616
2fzc,2.7,3.867432
3ti6,9.27,8.376841
3w55,7.1,6.9287715
1jq8,6.0,7.3850217
3a2o,9.08,8.89035
4hgc,10.0,8.253866
4kab,4.03,3.953394
1ulg,4.21,3.3418248
3mtw,7.04,6.9598827
1hmr,6.55,7.131075
3bxs,5.1,6.81034
4p75,4.1,4.5548215
4hcu,8.0,7.925807
2mps,5.41,7.008033
3bar,5.7,5.2822766
2xk3,5.68,5.99687
3dxm,6.0,5.9835377
4x6k,5.31,4.6320343
1y1z,3.08,4.3609548
4tzm,6.7,6.287282
3rxd,3.73,3.417549
4jxw,4.72,6.425618
1wbo,3.0,3.7693775
4mbf,5.77,7.411273
4qvm,6.35,6.023377
4q3u,6.44,5.950397
2pk5,10.7,8.882229
2wpa,8.1,6.699601
4n9b,5.28,5.2577214
1e00,6.1,5.7382317
2zn7,7.89,6.8490944
4dzy,5.62,5.095004
4zwy,8.7,7.5004787
3ow4,7.66,7.1660056
4rpo,7.64,6.807065
2o3z,5.7,5.2254086
2v7d,6.59,4.9993925
3dtc,7.59,7.139022
4dq2,7.52,7.9117746
4jlm,7.64,7.668541
2vvt,5.24,5.5368323
3ntp,4.92,4.6495223
4bpi,6.17,6.9927263
4an3,9.22,7.9676685
3p3r,7.25,7.040474
2am4,3.72,6.0088325
4c4j,8.52,8.37186
3atl,4.76,3.8372302
1w8l,0.49,2.3339329
4nks,7.17,7.773607
1nu3,4.0,5.2428164
1c8l,8.16,7.716868
1trd,5.4,4.5635347
3djp,4.2,4.444098
3fmz,8.08,6.894645
4xh2,8.22,7.4886017
3gb2,7.47,7.9734592
4q6f,5.6,4.9081464
4yp1,5.04,6.0259924
3wtk,6.53,6.9728403
4xm6,4.05,4.519431
3hau,6.38,5.3806767
4abd,4.4,3.670691
4bcf,8.15,7.8186216
5avi,6.06,7.327246
3d52,3.28,4.843757
4ob2,6.3,5.317354
3u78,5.6,5.093986
2haw,4.92,6.0980134
2euk,6.6,7.4458933
1ths,7.54,7.4362135
4gu9,4.37,4.6500163
5djr,4.86,5.896042
3s2o,5.05,5.8195643
1gym,2.7,4.1175275
2fv9,7.22,7.833356
4r6w,5.27,4.784935
4zeb,6.52,6.7935553
4nau,9.06,7.862364
3uf9,2.11,4.1608233
4yw6,7.08,6.039338
2oxx,6.7,6.89544
1zdp,5.74,5.450835
2g97,6.82,7.785108
4hxq,7.22,7.1850967
3t8s,8.55,7.034642
3dp2,5.82,5.5245624
1bn3,9.89,8.088356
4e96,6.66,5.429324
1m0b,8.82,8.048253
3gs7,5.44,6.1922603
2x6e,7.82,7.9507136
1rgj,8.31,7.287789
2rcu,6.68,7.0928183
4q9o,5.77,7.0223303
1nzl,7.15,6.9662323
2w0z,4.03,3.839489
4fab,8.06,8.831479
3g2u,5.27,4.914394
4qz1,5.44,5.6989098
3p5l,7.39,6.0439777
4k66,3.26,3.5407484
4pde,6.44,6.8802056
1ld8,8.46,8.641718
3d32,6.45,4.937066
4l8m,9.0,8.002202
4f7n,7.1,7.015942
1jq9,8.45,7.631958
3fsm,7.0,6.3541594
3ivc,4.12,4.07254
2y1d,6.82,7.185696
3thb,8.7,7.5353127
3iw8,4.87,6.6987405
4ijp,7.8,7.376025
3cs8,5.77,5.95121
1e6s,3.22,3.6755717
4p7m,7.41,6.482046
1utp,1.44,3.442784
2wyn,5.55,6.9357395
4bvb,4.48,6.54856
5dqe,3.63,4.223052
4bs5,8.22,7.743658
3vrv,10.54,8.953523
4idv,7.4,7.932344
1fq7,5.43,6.868158
3t4h,5.28,6.1352367
4p4s,4.94,5.9291773
2mkr,6.27,5.0971885
4j3u,6.34,5.676422
3r22,7.77,7.1785746
1oar,7.4,6.915065
